Customer_ID,Age,Gender,Annual_Income,Total_Spend,Years_as_Customer,Num_of_Purchases,Average_Transaction_Amount,Num_of_Returns,Num_of_Support_Contacts,Satisfaction_Score,Last_Purchase_Days_Ago,Email_Opt_In,Promotion_Response,Actual,Predicted,Predicted_Probability
1,62,2,45.15,5892.58,5,22,453.8,2,0,3,129,1,1,1,0,0.4372346651717706
2,65,1,79.51,9025.47,13,77,22.9,2,2,3,227,0,1,0,0,0.46193023744338974
3,18,1,29.19,618.83,13,71,50.53,5,2,2,283,0,1,1,0,0.47761648916683636
4,21,2,79.63,9110.3,3,33,411.83,5,3,5,226,1,0,1,1,0.5378581666104583
5,21,2,77.66,5390.88,15,43,101.19,3,0,5,242,0,2,0,1,0.5144141736042349
6,57,1,190.43,255.19,19,85,417.78,5,1,4,130,0,2,0,0,0.3575070900786234
7,27,1,172.13,3512.55,3,77,316.18,0,3,1,61,1,2,0,0,0.4381517432999865
8,37,2,88.9,7270.9,4,87,63.61,3,4,3,224,0,0,0,1,0.5276221053964323
9,39,2,24.46,4935.49,1,21,173.8,9,2,4,126,1,1,1,1,0.5193880964633204
10,68,2,169.59,9803.57,17,34,481.18,6,1,2,171,1,2,0,0,0.3942738579184646
11,54,1,138.9,4283.84,15,33,96.55,9,1,2,92,1,1,0,0,0.42899277962083626
12,41,0,47.43,3333.69,4,10,212.58,0,0,2,213,0,1,1,0,0.4807086983068531
13,24,2,199.29,8234.55,1,60,160.58,2,1,5,276,0,0,0,1,0.5362277918982435
14,42,0,38.04,5524.28,12,4,259.81,5,4,2,212,0,0,1,1,0.5097388563719685
15,42,0,176.08,6855.03,17,64,222.85,6,0,1,125,0,0,1,0,0.43014266149873354
16,30,1,72.97,8076.45,9,63,466.61,5,0,3,304,0,2,0,0,0.45288916403692814
17,19,1,98.36,6747.13,10,9,414.8,7,3,2,274,1,1,1,0,0.4900464540517121
18,56,0,163.18,4281.83,3,29,294.39,7,0,3,197,1,2,0,0,0.4019542565091817
19,57,1,141.95,1335.48,15,14,173.58,7,3,4,4,0,1,0,0,0.4733037641108479
20,41,2,188.82,5844.46,11,88,378.05,8,4,5,57,1,2,1,0,0.4395184956361154
21,64,2,131.81,8984.59,5,72,298.9,1,1,2,323,1,1,1,0,0.41199912282406675
22,42,0,37.61,4247.04,10,13,89.61,0,4,1,199,0,1,0,1,0.5094294757842384
23,35,0,179.18,9116.18,14,3,162.9,8,0,2,193,1,1,1,0,0.46681877146617223
24,55,2,158.45,5084.93,12,78,288.48,2,1,2,323,0,2,1,0,0.40568089779558514
25,43,2,148.14,6246.33,9,24,352.98,7,1,4,119,1,2,1,0,0.46044967893093897
26,31,0,29.67,8346.59,6,60,167.05,5,2,1,35,1,2,0,0,0.4828534500438743
27,26,2,91.32,5689.51,9,74,456.01,2,4,2,352,1,2,1,0,0.44003655010061343
28,27,1,50.14,1000.6,3,80,210.02,8,3,1,317,0,2,0,0,0.4540791273524286
29,38,1,167.94,9811.7,13,12,83.09,9,4,5,128,0,0,1,1,0.5663042691659166
30,69,0,146.1,2533.91,7,10,114.05,6,4,1,31,0,2,0,0,0.45769570118442565
31,34,1,178.95,7134.0,17,63,107.41,7,1,4,274,0,0,1,0,0.4769023262898021
32,69,0,193.98,5100.62,18,66,124.56,5,4,1,325,1,1,1,0,0.36710119814716224
33,23,1,159.45,4839.85,4,91,198.0,1,4,1,193,0,0,1,0,0.4926531524830691
34,33,1,198.96,2515.01,5,12,237.82,5,4,5,253,1,2,1,0,0.47813260031107335
35,65,0,130.66,7249.29,11,96,275.72,4,2,5,196,0,1,1,0,0.4172038129120785
36,18,2,26.68,1216.6,18,49,469.63,2,1,3,188,0,2,1,0,0.4607160811919617
37,36,0,22.57,9905.49,19,59,289.28,2,3,1,102,0,1,1,0,0.48907765548478677
38,53,0,81.58,8469.2,5,76,98.03,2,0,2,216,1,0,0,0,0.436044611408783
39,42,2,168.22,5391.64,16,2,233.12,6,1,5,260,1,2,0,0,0.4629022379502399
40,67,1,175.9,4303.07,18,73,92.72,1,2,5,360,1,1,0,0,0.38394186174137934
41,69,0,192.95,2936.0,14,26,456.43,3,3,4,263,1,2,0,0,0.3647637148239197
42,47,0,31.72,5065.76,17,31,92.5,9,0,1,202,1,1,1,0,0.42653773624252556
43,37,0,28.02,8806.23,9,34,309.17,6,1,1,273,0,1,0,0,0.48320484656439305
44,37,1,184.39,2822.56,14,88,293.2,7,0,1,121,0,0,1,0,0.4108971439329569
45,32,1,74.91,5055.32,12,21,315.34,8,2,4,276,0,2,1,0,0.49171840270294626
46,57,2,120.44,2422.04,3,50,38.72,3,4,2,84,0,0,1,1,0.5054227353468305
47,50,0,196.84,3437.78,18,9,151.77,1,0,2,277,1,1,0,0,0.4008971617478154
48,19,2,92.08,1983.58,7,65,183.3,8,1,2,234,0,1,0,0,0.4882647636125274
49,27,2,139.86,9906.34,3,35,462.35,3,2,3,322,1,1,1,0,0.49272153620589315
50,50,0,92.16,5757.82,12,31,308.21,7,2,4,287,0,2,1,0,0.45139379091809806
51,49,0,158.28,7354.87,15,85,405.83,5,2,4,352,1,1,0,0,0.3798862403708511
52,28,2,114.99,1072.67,9,38,253.05,4,4,3,168,0,0,1,1,0.5139104372741421
53,41,1,62.75,3724.56,18,23,204.68,6,4,1,86,1,0,0,0,0.4719333399837322
54,53,2,68.84,8937.13,8,62,246.96,4,1,2,110,0,2,1,0,0.482574500897543
55,29,1,66.45,935.94,10,43,395.71,3,2,5,37,0,1,0,0,0.4906957395946385
56,68,1,115.82,1738.28,12,49,54.59,5,3,2,130,1,1,0,0,0.414325951405592
57,46,2,146.57,6291.63,5,87,477.3,7,2,4,4,1,1,1,0,0.4381472758988217
58,52,0,190.87,6265.61,11,21,305.74,2,1,3,171,1,0,0,0,0.4319265897425437
59,18,2,144.94,8398.45,3,44,101.25,8,2,3,21,0,2,0,1,0.5715418801889482
60,18,2,160.61,9361.38,8,8,31.44,5,2,4,108,0,0,1,1,0.6067396044620772
61,54,1,50.41,1505.67,8,66,72.76,7,3,4,86,1,1,1,0,0.44975286007603577
62,23,2,87.33,2667.8,1,46,62.48,3,1,3,209,1,2,0,0,0.4981583460054031
63,56,0,94.48,4331.87,5,31,207.3,9,2,4,251,0,0,0,0,0.473183028796705
64,58,2,143.55,108.94,11,13,349.08,0,4,2,65,1,1,0,0,0.4367755003598626
65,35,2,73.26,791.16,9,70,132.59,2,0,3,137,1,2,0,0,0.4364037747636304
66,33,1,74.59,2342.26,13,57,198.67,8,3,3,105,1,0,0,0,0.4647451356684915
67,22,0,84.06,4862.91,7,22,286.46,5,3,5,261,1,1,1,0,0.49901334319183693
68,59,0,165.85,2590.08,3,70,408.6,1,1,2,4,0,2,1,0,0.4039161462721917
69,60,1,123.97,8779.15,12,17,307.76,6,4,2,323,0,0,1,0,0.48476725458980147
70,49,0,33.55,3310.3,13,44,100.75,8,4,1,259,0,1,0,0,0.46510812779127647
71,19,0,34.08,9253.77,16,24,129.65,1,4,5,262,0,2,0,1,0.5631430722187498
72,19,2,86.83,9750.39,9,41,191.99,3,1,4,307,0,1,1,1,0.5525297127384007
73,57,1,157.99,4553.63,9,38,248.66,7,1,3,182,1,1,1,0,0.4212738946666508
74,59,0,143.96,2348.58,14,49,443.26,0,1,5,42,0,2,0,0,0.4095559108063317
75,53,1,147.44,2987.49,1,40,130.87,2,2,1,138,0,1,0,0,0.47371850600004234
76,56,2,158.1,7785.7,1,39,464.56,0,2,1,267,0,2,1,0,0.4575826593727791
77,29,0,71.69,2806.16,16,44,388.99,5,3,2,284,0,2,1,0,0.4438846655559586
78,64,1,118.69,3867.77,18,49,166.56,4,3,3,104,1,2,1,0,0.41366879078736124
79,36,0,117.8,4837.9,13,1,483.73,5,0,1,162,1,0,0,0,0.431846151027829
80,45,1,153.13,5793.6,17,10,190.7,6,0,4,85,1,1,0,0,0.46230876114671726
81,18,2,192.24,9961.39,12,16,342.92,7,3,2,8,1,1,1,1,0.5356931656101774
82,32,2,70.04,2398.88,16,53,468.91,0,0,5,219,1,1,0,0,0.42831723920759923
83,53,0,162.79,3598.89,1,54,396.71,7,2,3,87,0,2,1,0,0.4366908921825135
84,30,0,138.79,2702.62,15,5,444.39,7,3,2,8,1,2,1,0,0.4486399914863902
85,60,1,124.44,3675.02,5,29,89.22,4,1,5,112,0,2,1,0,0.4853091959256723
86,38,0,159.48,1097.96,19,36,325.33,8,4,1,227,1,0,1,0,0.40707917177552194
87,29,2,189.93,3662.12,18,21,49.15,8,1,1,303,0,0,1,0,0.49086342685326007
88,22,2,26.6,8889.86,9,7,490.18,4,0,2,240,0,1,0,1,0.532923780962902
89,24,2,46.53,3056.04,5,42,352.16,3,1,1,111,0,1,1,1,0.5059779592204707
90,22,0,156.13,3782.15,11,32,61.07,3,3,2,269,1,2,0,0,0.471810240997194
91,65,1,35.08,9450.29,2,90,398.57,1,3,4,276,1,1,0,0,0.4342932461438229
92,21,2,112.9,7310.95,2,81,236.53,9,0,1,340,1,2,0,0,0.4545978347011853
93,30,2,59.57,5215.71,15,69,48.96,6,3,3,23,1,1,1,1,0.5057702186544802
94,54,0,69.37,7794.21,19,14,404.14,2,1,1,335,1,2,0,0,0.4015389259903998
95,58,0,146.33,1319.48,4,34,27.27,4,4,3,325,0,1,1,0,0.46495752303619164
96,32,0,25.43,4698.45,17,18,399.71,6,0,2,207,0,0,1,0,0.4702197440803496
97,33,0,177.2,1270.54,6,66,291.37,9,4,3,223,0,1,0,0,0.45287942324606356
98,38,1,100.01,2412.82,4,90,11.33,9,2,1,278,1,1,0,0,0.4327753777764443
99,53,0,110.43,1504.49,16,48,228.21,9,4,5,209,0,0,1,0,0.45322422320104266
100,41,1,117.21,3681.83,14,87,309.19,2,3,2,147,0,0,0,0,0.4488664400110869
101,33,1,136.2,3878.23,9,43,110.51,5,1,3,353,1,1,1,0,0.4536195860792697
102,31,2,82.07,9478.35,8,23,125.7,8,4,1,82,0,0,1,1,0.5842274865923478
103,39,2,38.2,2714.84,12,82,41.71,8,4,1,266,1,0,0,0,0.46190626163957194
104,66,0,77.31,4777.05,9,68,338.17,5,1,4,95,0,0,1,0,0.4328863105394533
105,67,2,50.27,8132.66,9,20,105.31,0,0,4,261,1,2,1,0,0.46933079349239354
106,23,1,120.1,8174.61,19,47,431.93,4,1,5,173,0,2,1,0,0.49059121444509046
107,59,0,77.25,7528.4,6,30,381.68,8,2,2,162,0,0,1,0,0.47244645935278307
108,53,0,192.45,2949.55,7,69,55.55,2,4,4,144,1,2,0,0,0.43332356175107867
109,18,0,193.83,5000.22,6,85,283.26,9,1,5,255,0,0,0,0,0.4768478125936128
110,49,0,131.62,1943.49,12,31,212.13,5,4,3,195,1,1,1,0,0.43677728939371346
111,23,2,131.15,1965.16,16,45,391.58,0,0,2,169,0,1,0,0,0.46165233877170225
112,48,0,197.37,4414.83,13,80,334.47,9,4,2,145,0,1,0,0,0.42416640813660333
113,18,1,179.71,7412.06,5,34,48.3,4,4,4,78,1,1,0,1,0.5581851462059044
114,67,0,157.71,5313.18,4,5,491.01,3,1,2,150,0,1,0,0,0.43718751315529253
115,68,2,76.45,8878.16,19,84,135.89,7,0,5,332,0,0,0,0,0.44595425358882673
116,54,1,85.8,8326.0,18,38,135.22,2,2,2,82,1,0,1,0,0.4737594827280303
117,52,2,56.23,412.89,13,53,159.35,2,1,1,112,1,1,1,0,0.42344936658362226
118,66,2,107.69,5727.35,13,65,488.27,0,1,5,58,0,0,0,0,0.4479177296520134
119,47,2,198.27,6130.7,1,18,403.85,0,0,5,38,1,1,0,0,0.48448678729017675
120,21,2,184.19,9619.59,1,18,52.17,8,3,2,203,0,2,0,1,0.5855574806775554
121,52,0,41.3,330.04,7,40,214.81,6,4,2,362,1,0,0,0,0.42644032077551625
122,60,2,24.53,5357.93,4,19,429.09,2,1,4,259,1,1,1,0,0.4590531101259778
123,31,0,181.75,2127.34,10,6,181.12,5,0,1,121,0,1,0,0,0.4761251525339691
124,66,0,116.69,631.26,9,99,152.79,1,1,4,216,1,0,0,0,0.37085492052847563
125,57,2,56.03,5916.14,4,4,323.31,7,0,2,199,1,1,0,0,0.4676150835033625
126,39,1,141.26,7748.78,11,59,190.16,9,0,1,21,0,0,0,0,0.4902447650568761
127,27,2,135.96,7771.17,13,1,89.19,4,2,3,21,1,2,1,1,0.5476487510436682
128,18,2,41.98,399.86,9,36,246.8,0,0,4,190,0,0,1,1,0.5214527623635096
129,28,0,66.73,4128.77,7,26,407.73,3,0,2,359,1,0,0,0,0.4429689033823083
130,68,0,30.81,540.65,8,85,423.82,5,3,5,50,0,2,0,0,0.40823442756356343
131,61,0,57.77,2553.6,19,94,311.67,6,4,5,326,0,2,0,0,0.3954543496304803
132,41,0,43.82,2009.52,16,66,499.57,5,2,2,337,1,2,0,0,0.3701908079150631
133,20,2,54.78,2230.31,5,15,492.49,5,4,3,245,0,1,1,1,0.5326320222220526
134,52,1,143.38,3457.27,12,45,126.96,1,1,3,179,0,2,1,0,0.45639010614789277
135,53,1,28.91,2846.44,12,5,387.75,0,2,1,208,1,0,1,0,0.4455195576409678
136,48,1,38.33,9626.57,13,71,100.11,7,2,5,296,0,1,0,1,0.5072687227906296
137,21,1,44.15,3588.83,1,18,211.59,3,0,3,274,0,1,1,1,0.5336871088867114
138,36,0,76.98,8952.31,6,94,14.88,3,3,4,352,1,2,1,0,0.47473156564857055
139,64,2,73.78,1892.31,7,62,108.7,1,0,3,27,0,2,0,0,0.4573317342021734
140,53,0,65.91,7661.09,14,57,119.57,4,3,4,30,0,2,1,0,0.498564379979087
141,38,0,155.1,707.32,6,2,494.0,8,2,5,140,0,1,0,0,0.47480830457690065
142,35,2,199.64,4681.34,19,17,30.41,5,2,4,231,0,2,0,1,0.5123466949850457
143,68,2,116.12,154.55,13,67,473.47,8,3,2,322,1,2,1,0,0.35053767704778294
144,45,2,189.96,8121.88,15,79,420.71,6,0,4,303,1,2,1,0,0.40162129301454896
145,32,0,91.39,9509.81,4,50,21.01,7,0,2,254,0,2,0,1,0.5163428417288756
146,59,1,39.2,447.56,10,25,77.0,5,2,3,236,0,2,1,0,0.4661248799658673
147,19,0,93.58,9345.08,6,70,318.22,0,0,2,49,0,1,1,1,0.5149411532324835
148,54,0,73.3,7761.15,2,22,181.89,4,2,5,120,0,1,0,1,0.532259564465349
149,28,2,108.81,3652.73,2,9,177.27,3,2,5,231,1,0,1,1,0.5412391576993606
150,40,0,138.27,9097.88,1,73,351.27,8,1,4,52,1,0,0,0,0.4741229536210564
151,61,1,102.99,3032.95,16,34,497.43,5,3,5,4,0,0,0,0,0.4620193560615421
152,58,1,188.33,4152.02,11,70,173.03,6,3,1,338,1,1,1,0,0.39610888252947346
153,29,0,179.26,1057.44,13,97,462.29,5,1,4,319,1,2,1,0,0.36126468537777906
154,20,2,146.36,6603.7,14,1,366.94,5,1,1,5,0,2,0,1,0.5346023241878558
155,69,0,108.14,393.05,4,44,425.02,0,4,5,82,1,2,1,0,0.4090754362011369
156,34,1,43.7,4900.56,11,7,259.33,0,2,3,227,1,0,1,1,0.5063043845995312
157,50,1,91.46,6863.6,10,15,271.31,7,4,3,196,0,1,0,1,0.5188838867985831
158,18,0,146.79,8230.25,6,38,277.77,7,2,5,50,1,0,0,1,0.5332527241054917
159,56,1,71.28,1584.42,14,93,286.92,8,3,3,114,0,0,0,0,0.43208338770933974
160,37,0,38.72,7565.49,9,81,80.78,2,4,3,148,1,0,1,1,0.5010914299815845
161,64,1,183.42,7218.86,18,54,111.45,1,2,5,303,0,2,1,0,0.45030797647514553
162,60,2,147.63,5639.75,14,30,85.33,7,3,5,339,1,2,0,0,0.46087681862435037
163,69,1,130.75,5887.98,4,83,103.58,6,3,1,296,0,2,0,0,0.4343569004528595
164,58,0,162.65,1003.58,1,94,335.83,0,1,2,331,1,0,1,0,0.36209470761157064
165,31,0,170.42,6044.66,15,4,111.19,0,1,1,126,0,0,1,1,0.5181579064843033
166,48,2,107.02,3877.07,15,75,440.41,6,4,4,222,1,1,1,0,0.427223188656117
167,42,1,178.61,8689.05,7,42,68.54,5,0,4,201,1,2,0,0,0.48195543187991124
168,20,0,184.96,3199.68,16,40,494.48,5,0,3,127,1,0,1,0,0.42786448134597455
169,21,1,68.88,5808.29,6,97,10.7,7,3,4,99,0,1,1,1,0.545916933316521
170,48,2,129.36,4323.06,1,33,423.5,0,2,3,188,1,0,1,0,0.47257034195367964
171,52,0,114.79,8774.99,8,29,10.98,0,4,5,214,1,0,0,1,0.5250646001995827
172,61,2,116.83,2613.78,8,15,394.88,5,4,2,239,1,0,1,0,0.4500809547194994
173,31,0,188.78,880.14,18,96,366.55,5,4,5,6,0,1,0,0,0.44262555412166793
174,66,1,74.93,7511.69,1,99,350.32,1,2,5,69,1,1,0,0,0.44151745806969156
175,58,0,197.02,4187.68,16,63,181.93,5,3,5,37,0,1,0,0,0.45511627877562083
176,26,2,182.38,5932.07,12,62,317.27,1,2,3,125,1,2,1,0,0.47080871864331525
177,37,0,102.57,361.25,12,68,303.71,5,4,3,40,0,1,0,0,0.46394049486238537
178,49,2,167.14,9525.89,19,14,372.37,9,2,2,119,0,2,0,0,0.4929072805955008
179,26,0,158.43,8788.42,12,19,357.91,7,3,5,86,1,0,1,1,0.5228264075140409
180,44,2,142.02,6276.29,7,82,131.63,4,0,2,250,0,2,1,0,0.46493273683299563
181,20,1,77.57,268.6,8,62,357.7,7,4,3,165,1,1,1,0,0.4683609251778663
182,21,0,55.36,3841.97,4,35,163.11,2,0,5,175,1,2,0,1,0.5008144301805669
183,62,1,140.87,9790.09,6,99,198.9,0,1,2,205,0,1,1,0,0.45200884827960974
184,32,0,171.74,6845.17,18,84,151.01,3,0,4,206,1,0,1,0,0.43675031996466745
185,50,0,22.93,1693.78,1,69,372.21,8,1,5,196,0,1,1,0,0.4527546116242163
186,22,1,135.7,4659.91,12,76,418.99,2,2,4,174,1,1,0,0,0.4541342332534296
187,21,2,99.72,9670.7,2,22,131.84,2,1,4,41,0,2,0,1,0.6043394477843617
188,63,1,181.66,5393.61,19,4,261.9,0,0,1,106,0,1,0,0,0.4474830910501986
189,29,1,77.87,343.68,15,35,355.75,3,3,5,185,1,1,0,0,0.4655335326467758
190,40,0,105.35,6235.74,19,84,414.02,0,3,2,287,1,2,1,0,0.3963174308924501
191,31,2,112.66,2785.04,10,91,366.36,7,0,2,338,1,2,1,0,0.39908153266108065
192,63,2,45.28,1078.57,7,73,58.6,3,0,2,348,1,1,0,0,0.40731359493591923
193,29,1,148.32,4088.79,5,79,345.2,7,1,4,324,1,1,0,0,0.4364642447504581
194,34,1,169.49,5629.38,12,36,453.65,1,0,5,283,1,2,0,0,0.4374012978144482
195,42,2,30.42,268.7,18,77,226.57,5,0,1,43,1,0,0,0,0.421522192282658
196,47,1,72.45,5634.56,1,82,373.88,5,0,3,204,0,2,0,0,0.4527985167967136
197,39,0,26.85,5160.91,12,88,481.34,7,0,1,122,0,2,0,0,0.4185614835029685
198,64,0,192.18,7959.69,19,82,350.04,0,4,2,148,0,1,0,0,0.4209232963107647
199,43,1,140.09,4293.14,9,97,151.97,3,4,1,342,1,2,0,0,0.4184927977657313
200,34,0,193.56,5579.16,3,50,231.52,3,3,4,101,0,2,0,1,0.5099620295211319
201,37,2,115.67,7445.89,19,12,239.67,6,1,2,53,1,0,1,1,0.5065001771343068
202,51,1,164.37,8981.74,7,67,426.03,0,3,1,234,1,1,0,0,0.4357261960041947
203,58,0,87.39,3862.34,15,23,484.45,1,3,1,242,0,1,1,0,0.43126923168007864
204,50,1,83.69,6056.17,12,69,300.67,7,1,3,237,1,0,0,0,0.4342233997290381
205,54,2,88.09,6976.65,2,42,47.69,6,1,2,232,1,2,0,0,0.48623239393456164
206,24,0,138.42,528.38,14,43,475.28,8,3,3,110,0,0,0,0,0.46907919066936443
207,39,2,84.7,8027.53,14,16,497.07,7,0,2,222,1,2,0,0,0.4584720693948494
208,49,1,182.07,3836.56,2,60,203.83,2,0,3,338,0,2,1,0,0.4451838230396621
209,31,1,196.99,6735.37,11,61,414.66,6,2,1,14,1,0,0,0,0.4607267400759981
210,25,0,25.48,4769.47,14,82,222.6,1,2,4,191,0,1,0,0,0.4957654571951765
211,42,2,54.85,7053.16,15,78,350.78,8,2,3,322,1,1,0,0,0.4434763426649104
212,33,1,40.2,7270.88,1,96,30.52,4,3,2,119,1,2,0,1,0.5072568248279994
213,59,2,27.63,1996.55,12,4,446.44,9,1,5,278,1,1,1,0,0.44456674180900146
214,36,2,60.99,6655.52,8,46,31.95,5,4,5,76,1,0,0,1,0.5655967892984047
215,58,0,100.42,8528.1,4,26,117.83,8,1,3,341,1,0,0,0,0.4745865705793749
216,33,2,170.66,2432.12,15,52,288.2,2,4,1,202,0,0,0,0,0.48749278993387996
217,29,1,59.93,7606.02,1,29,442.5,9,1,3,268,0,0,0,1,0.5323760393687249
218,56,1,108.91,6374.87,9,83,143.52,1,1,4,136,1,0,1,0,0.45371484340522783
219,65,0,187.33,9555.75,4,96,53.77,3,4,2,157,0,1,1,0,0.47567819725915655
220,47,2,140.1,2676.44,12,24,406.69,1,0,5,144,0,2,0,0,0.4715640710941642
221,19,1,163.65,1627.35,2,11,186.06,3,2,2,358,0,0,1,1,0.5305211250465186
222,49,1,119.18,3190.0,7,14,374.37,8,3,2,348,1,2,1,0,0.4384147623331976
223,62,0,196.48,2653.79,15,78,104.27,8,3,3,150,0,2,1,0,0.4181912866484329
224,42,2,125.96,7592.64,5,14,124.1,7,0,1,282,1,0,1,1,0.5043103516204596
225,42,2,28.19,7357.78,11,84,183.49,9,0,2,217,1,2,0,0,0.45278262205578307
226,21,2,55.64,6729.88,4,66,394.48,4,3,1,202,0,1,1,1,0.5313891723336613
227,36,1,92.86,2242.15,16,4,469.79,7,4,4,74,0,2,0,1,0.5053261122179283
228,65,1,128.23,8631.89,7,13,395.73,1,3,4,252,1,2,1,0,0.4659540426966795
229,21,0,158.95,9570.06,12,9,13.81,3,1,1,130,0,0,0,1,0.5698623988186934
230,60,1,94.36,5362.9,3,11,406.14,0,4,3,349,0,1,0,0,0.4949699279502785
231,30,0,147.81,6528.79,4,7,321.85,0,0,3,121,1,0,0,1,0.5051422539848838
232,56,0,162.18,5056.85,18,53,401.28,3,3,3,232,0,0,0,0,0.4347136390526716
233,53,2,77.11,2907.22,11,32,290.44,8,0,5,293,1,1,1,0,0.4453197101927218
234,40,0,196.27,2932.86,1,44,24.04,3,4,4,221,0,0,1,1,0.5269585263609079
235,23,2,136.94,3202.86,7,96,403.53,1,1,4,44,1,2,0,0,0.4560537698106069
236,41,2,178.58,1989.42,2,22,47.42,4,1,2,196,0,1,1,1,0.5184913517698613
237,61,1,120.07,9029.04,15,14,180.64,9,0,1,10,0,1,1,0,0.49687235883031594
238,50,1,153.49,8598.14,4,72,274.89,6,4,5,164,1,0,1,0,0.494966228429088
239,29,0,158.7,4670.23,18,46,150.08,6,1,5,7,0,1,0,1,0.509076055393561
240,58,0,183.48,3735.79,8,29,382.26,6,1,2,231,0,0,1,0,0.43688412351418293
241,38,0,47.06,9396.88,15,83,487.32,1,1,1,82,0,2,1,0,0.45491866901845746
242,28,0,120.49,2301.5,12,30,236.66,1,4,3,86,1,0,1,0,0.4983939760343515
243,61,1,97.11,5580.07,14,62,476.85,8,1,2,126,0,0,0,0,0.43315363421510733
244,55,0,186.17,639.53,1,27,459.35,7,4,3,204,1,1,1,0,0.42331872027855927
245,46,2,38.92,1992.9,1,51,410.95,0,0,3,297,1,1,1,0,0.4427124671386462
246,65,1,196.86,6079.87,19,16,366.16,6,4,3,264,1,0,0,0,0.43519843172929473
247,58,2,177.58,6655.62,18,47,19.81,6,0,3,28,1,2,1,0,0.4577142670332486
248,20,0,33.29,5851.86,10,66,451.79,3,0,4,298,1,0,0,0,0.46119147331460336
249,45,1,108.37,8709.05,6,52,290.57,3,1,2,320,1,2,1,0,0.4560337778817145
250,37,2,149.16,9934.71,13,26,74.47,8,0,5,347,1,0,0,1,0.5228108274248315
251,43,1,152.87,7662.23,18,19,348.79,2,0,1,203,1,1,1,0,0.4454221743090383
252,41,2,183.17,4704.41,4,40,143.23,8,2,4,229,1,2,1,0,0.4890055920553136
253,69,1,163.98,8355.95,4,49,348.95,1,2,2,294,0,0,0,0,0.46347831540677065
254,64,2,75.97,1291.84,3,46,49.41,3,2,3,97,0,2,1,0,0.4950059108761365
255,38,2,109.72,6864.38,6,23,487.78,4,3,4,6,1,2,1,1,0.5161649280329361
256,47,2,146.32,5231.54,7,28,42.6,4,4,1,253,1,0,0,1,0.5110535940031602
257,21,1,44.92,1862.85,9,76,435.18,3,4,3,314,0,2,0,0,0.4804809542640556
258,53,2,54.92,9732.04,1,45,164.79,3,2,2,202,1,0,1,1,0.5248127930154222
259,57,2,106.59,3450.53,13,39,153.62,3,1,4,347,1,0,1,0,0.4522359385453976
260,27,0,73.68,6192.69,7,1,203.54,4,2,3,44,1,2,1,1,0.5359764270272138
261,27,2,175.26,8798.08,8,10,388.55,7,4,4,295,0,0,0,1,0.5706586820714765
262,59,0,125.53,5116.22,10,23,107.88,9,2,3,89,1,1,1,0,0.46855129245316085
263,41,1,82.76,1239.86,7,70,229.07,3,1,3,133,0,2,1,0,0.46649834059075973
264,21,2,172.79,8205.52,6,24,249.51,2,4,3,75,1,1,0,1,0.5656400436693219
265,64,1,164.88,3596.82,5,71,454.69,1,0,4,218,0,1,1,0,0.41646728822122686
266,44,0,199.7,9832.36,8,87,281.88,2,1,5,125,0,1,0,0,0.4848570906735859
267,68,0,172.52,8849.87,16,88,322.94,3,3,1,310,0,1,1,0,0.40729040711435366
268,62,1,94.6,8549.15,4,66,448.1,9,2,4,176,0,1,0,0,0.47564600300280774
269,21,2,42.95,3626.91,8,56,173.34,2,4,2,28,0,1,0,1,0.5681811207530072
270,49,1,171.32,7595.58,9,56,45.4,6,1,1,90,0,0,0,1,0.507521013547631
271,27,0,30.76,9864.66,19,27,396.37,5,3,1,28,0,0,1,1,0.544685346066929
272,28,0,83.05,5310.58,15,32,381.78,7,4,3,131,0,2,1,1,0.5113814579314478
273,45,2,185.55,4760.25,8,20,168.91,6,4,2,319,1,1,0,0,0.4909998167230012
274,63,0,192.94,245.19,3,62,474.5,7,2,4,364,0,0,1,0,0.3983255172716165
275,25,2,135.3,7032.02,3,26,418.51,1,1,3,2,0,1,0,1,0.5611677272712169
276,57,2,143.96,8598.93,17,72,11.38,9,0,2,265,0,2,0,0,0.46581957475709523
277,39,2,27.64,2549.83,14,12,61.78,2,4,2,360,1,0,0,1,0.5183367711541425
278,51,0,112.61,3218.74,14,58,237.63,3,1,1,57,1,0,1,0,0.42508438329578835
279,62,1,118.44,5056.7,2,56,456.05,8,3,2,311,1,0,0,0,0.4268557256934998
280,52,1,81.22,813.59,14,18,96.37,1,0,5,61,0,1,1,1,0.5010809606271083
281,52,0,32.35,987.46,11,55,337.79,7,4,2,314,0,1,1,0,0.4435419478022558
282,42,1,61.2,4269.0,14,1,435.33,2,2,5,22,0,0,1,1,0.5378996574176965
283,51,1,84.44,2686.07,7,12,465.64,2,2,3,130,0,1,0,0,0.4894723010553392
284,23,0,98.33,4119.77,19,37,331.47,7,0,4,62,0,2,1,0,0.48937780341587067
285,58,1,126.37,4598.42,8,78,182.89,8,4,4,5,1,0,1,0,0.47466131172371706
286,54,0,150.03,9765.11,14,9,188.27,0,4,5,274,1,0,1,1,0.513926752569201
287,18,2,77.17,9448.17,4,64,383.5,3,3,1,132,1,1,1,1,0.534660608544886
288,29,2,79.21,1483.33,11,11,436.71,9,3,4,287,1,1,0,0,0.4903280102805214
289,52,1,23.54,8837.6,4,90,481.32,6,2,2,173,1,2,0,0,0.4411141338173176
290,23,0,27.36,894.05,6,10,382.03,6,2,4,307,1,0,0,0,0.49486906550537507
291,34,2,66.41,5125.59,6,85,283.81,7,4,3,88,1,2,1,0,0.4956716491567588
292,26,0,153.24,1722.71,2,5,457.4,4,1,2,81,0,2,1,0,0.49882811294488566
293,19,0,133.1,3722.33,19,60,471.97,9,3,3,128,1,0,1,0,0.45425608867421663
294,35,0,158.56,7459.07,1,40,239.12,4,0,4,346,1,2,0,0,0.47269512221200505
295,66,1,158.41,4302.6,13,81,474.71,3,0,1,92,1,0,1,0,0.37283202147547195
296,53,2,174.18,8088.82,14,83,305.59,8,0,2,16,1,1,0,0,0.4359162448994994
297,45,1,149.66,7216.28,3,79,210.42,7,2,3,25,0,0,0,1,0.5192485089588189
298,58,0,196.22,9434.11,19,88,442.58,9,1,5,258,0,1,1,0,0.4169195155607843
299,54,2,181.79,5388.14,17,53,215.65,2,0,3,181,1,1,1,0,0.435090316873748
300,66,1,125.61,8041.26,4,49,186.57,8,2,5,267,1,1,1,0,0.4726700967526422
301,43,2,125.87,3296.78,13,31,411.17,9,3,5,330,0,2,0,0,0.4855083709252347
302,21,1,26.17,3522.88,9,4,487.78,1,3,1,330,1,2,0,0,0.4908569945600667
303,57,0,199.73,4065.05,4,11,334.83,2,1,5,130,1,1,0,0,0.45899064026306263
304,53,2,43.68,4168.07,10,33,168.63,5,2,2,75,1,2,0,0,0.48760135512746816
305,68,0,153.26,1122.21,13,22,419.47,3,4,4,42,1,2,0,0,0.4182215329527245
306,48,0,167.78,5239.08,18,42,457.81,1,3,3,107,1,0,1,0,0.4382401670095877
307,47,2,87.15,1058.35,12,98,83.04,6,2,2,30,1,0,1,0,0.4532006921666205
308,67,2,55.43,8908.65,16,19,161.62,1,1,5,77,1,1,1,1,0.5094921353843401
309,51,1,37.78,712.26,1,98,312.37,8,3,2,193,0,0,0,0,0.45883670817816274
310,36,1,154.75,4551.97,14,52,172.97,5,2,2,350,0,1,1,0,0.4803979881568412
311,35,0,101.48,2918.47,7,77,312.85,9,4,1,67,0,2,0,0,0.4757456160764581
312,47,1,148.47,1633.21,5,64,415.34,3,4,5,70,0,2,1,0,0.48180721992390124
313,38,2,184.77,7859.98,2,53,77.86,3,1,2,17,0,1,0,1,0.5553864371382047
314,20,2,46.39,7177.83,4,67,315.85,7,3,3,15,1,2,1,1,0.5430513586778113
315,23,2,185.45,1544.88,10,90,335.05,6,1,1,11,0,0,0,0,0.4786482501200678
316,55,0,94.09,6364.38,15,95,438.16,4,4,2,133,0,0,1,0,0.4454316633049634
317,30,1,74.95,7946.3,19,52,359.32,5,1,3,7,1,1,0,0,0.4914964815028179
318,62,1,189.75,7755.99,15,93,396.61,5,3,3,109,1,0,1,0,0.4195057938183694
319,20,1,198.32,1013.57,19,42,91.1,2,3,5,152,1,0,0,1,0.5028742725039461
320,65,1,55.8,6886.58,10,18,74.91,3,2,2,86,0,2,1,1,0.521653023390389
321,45,1,138.23,7188.64,3,15,453.21,8,2,5,261,1,1,1,0,0.49546589657173595
322,39,1,39.17,8635.45,11,60,91.1,5,0,3,56,1,1,1,1,0.5126342389048891
323,57,1,137.16,5129.64,18,61,191.48,9,2,2,105,0,2,0,0,0.45546255142562897
324,57,0,168.92,4664.83,2,14,397.18,3,0,5,258,1,1,1,0,0.44623097413855356
325,29,1,143.21,9654.65,18,98,39.62,4,2,5,206,0,2,0,1,0.5214013479421342
326,40,1,95.12,7985.47,15,23,264.81,9,3,4,172,0,1,1,1,0.5420054807053912
327,48,1,88.95,5631.44,16,62,277.49,6,3,1,42,1,1,1,0,0.4587305157745745
328,35,0,90.76,3373.11,19,89,11.99,2,1,3,351,1,1,0,0,0.4302573296726495
329,24,1,126.15,8467.86,19,31,202.64,8,3,3,105,1,2,1,1,0.5236327817686829
330,25,0,178.68,4608.82,12,11,454.51,5,3,5,78,1,2,1,0,0.49712541281546385
331,36,0,187.23,1017.58,6,4,218.86,5,0,3,348,0,2,0,0,0.47267573513248506
332,46,0,29.64,4603.55,12,32,457.61,8,1,3,40,1,0,0,0,0.46443690016706884
333,61,2,52.69,8732.49,7,33,164.72,9,3,2,263,0,1,0,1,0.5332737555151091
334,37,1,40.2,4537.99,10,14,257.61,9,3,4,297,1,0,1,1,0.5182118898701784
335,67,2,54.8,242.06,12,50,423.09,8,4,2,18,1,0,0,0,0.43820325112969244
336,59,1,82.39,6153.7,16,40,490.91,7,3,2,131,0,1,1,0,0.466297008078561
337,47,0,111.18,9958.72,13,1,382.0,1,4,3,107,1,2,1,1,0.5129218707864156
338,64,0,133.3,8190.76,13,25,178.39,9,2,3,196,0,1,1,0,0.4908554352914359
339,39,1,151.79,6210.66,14,85,163.83,6,2,3,253,0,0,0,0,0.48842076026788
340,27,1,180.22,9152.55,6,44,37.97,8,3,2,126,1,2,1,1,0.5410112793602239
341,43,0,198.04,8154.46,19,91,109.43,7,1,2,43,0,1,0,0,0.46793046613674466
342,68,1,139.31,5036.53,10,92,382.27,8,3,4,217,0,1,1,0,0.4322380491181978
343,50,1,172.17,5953.08,9,88,213.27,5,2,5,125,0,1,0,0,0.48671961460954766
344,45,2,160.05,7339.8,9,91,86.7,7,4,2,334,0,1,0,1,0.5039897070360457
345,27,0,75.36,8479.62,9,74,155.82,0,4,3,4,0,2,1,1,0.5588369664072178
346,46,2,177.62,675.95,1,98,298.51,8,2,2,83,1,2,0,0,0.42475618247886937
347,61,0,27.7,7770.56,1,91,478.73,8,3,1,342,1,2,0,0,0.408667826477788
348,35,2,20.07,4530.28,13,42,480.12,3,2,2,232,0,2,1,0,0.496776682592434
349,59,1,69.27,6641.91,19,32,65.88,2,2,2,102,1,2,1,0,0.4768263651210951
350,18,1,103.18,7669.87,16,41,125.77,5,4,1,188,1,2,0,1,0.5297657813043356
351,40,0,134.91,5441.07,13,96,303.47,7,4,4,280,1,0,1,0,0.444705628505745
352,34,0,38.32,1669.3,18,9,456.91,7,2,2,335,1,0,0,0,0.4468048347083416
353,60,0,141.14,4154.32,10,50,490.93,6,4,1,82,0,2,0,0,0.44053813185614576
354,54,2,164.33,861.04,14,37,366.29,0,3,1,89,1,2,0,0,0.4299451060949152
355,48,0,53.36,6924.08,3,82,211.7,3,3,1,355,1,2,1,0,0.44828110634967777
356,42,1,94.72,9541.69,1,95,437.67,2,0,4,15,1,0,1,0,0.4875500793893275
357,21,0,113.6,7973.0,10,2,215.47,9,2,1,133,1,2,0,1,0.5312321567428641
358,69,1,101.33,3958.89,7,59,336.76,4,1,5,121,1,2,1,0,0.4291064236762728
359,26,2,163.97,5884.49,4,30,249.92,5,3,3,31,1,0,1,1,0.55796446586858
360,45,1,192.89,3111.59,7,81,391.94,9,4,5,93,1,2,1,0,0.44733019992944467
361,47,1,163.81,5456.35,2,85,370.44,1,2,2,182,1,1,1,0,0.4428145165750848
362,64,2,34.04,3077.2,2,9,201.44,9,1,4,227,0,0,1,1,0.5295546538715956
363,41,1,164.89,7409.42,6,37,59.4,1,1,4,338,0,0,0,1,0.5412901145139941
364,50,2,31.99,2667.48,2,94,476.37,0,1,4,290,0,0,1,0,0.46544898357727094
365,37,2,62.47,9643.8,2,60,460.12,4,1,2,35,1,0,0,1,0.5230356135927233
366,26,2,47.56,6653.29,4,16,99.12,4,3,1,186,0,0,1,1,0.6057680522225635
367,25,1,55.55,780.9,6,14,109.62,0,0,2,150,0,0,0,1,0.5498013845624803
368,41,2,115.1,206.7,19,26,395.98,2,4,1,82,0,0,0,0,0.49494915837953307
369,31,0,140.9,9970.76,2,81,395.51,3,3,1,15,0,0,0,1,0.5328363041593887
370,35,1,104.66,2283.01,4,51,483.09,0,0,5,353,1,0,0,0,0.45248919446092994
371,18,1,192.75,3194.37,14,12,498.82,8,3,1,236,0,2,1,0,0.49562703243899286
372,29,0,63.25,2163.3,3,47,254.2,2,4,2,25,1,1,1,1,0.5132895119062475
373,46,0,157.37,9288.21,16,3,480.58,8,3,1,353,1,1,0,0,0.4568078638199583
374,54,0,176.63,6554.93,12,34,409.83,8,4,2,256,1,1,1,0,0.4426219116898706
375,43,0,121.17,5093.42,2,93,380.62,5,2,4,255,1,2,0,0,0.43319620953376037
376,50,2,102.12,5620.74,10,91,189.32,9,3,5,261,1,1,0,0,0.47283507368863875
377,60,1,127.31,3246.94,10,42,426.69,2,2,1,257,0,0,0,0,0.4481425344035519
378,32,1,97.19,6180.33,12,2,460.36,6,3,4,81,1,2,1,1,0.5218351947749609
379,40,0,119.93,4254.04,17,27,369.66,0,2,4,291,0,2,0,0,0.47613184338659864
380,46,2,95.05,2072.36,10,73,326.78,4,2,2,338,1,0,1,0,0.43702430440195605
381,38,2,92.08,6600.39,1,84,323.8,6,2,4,100,0,2,1,1,0.5286506004859151
382,36,0,145.16,3801.02,5,28,86.28,5,1,4,122,1,0,1,1,0.5148043651813401
383,22,0,36.71,7872.16,12,23,117.76,7,0,1,73,0,0,0,1,0.5678589752692088
384,40,0,49.98,4212.41,4,90,122.18,6,0,3,94,0,2,0,0,0.4885221150609524
385,53,0,173.22,5131.89,13,89,89.71,8,2,1,28,0,2,1,0,0.4542423275735672
386,37,2,158.79,7895.92,3,85,244.22,1,1,3,74,0,0,1,1,0.5374559785292765
387,25,1,70.66,4533.99,1,37,42.79,0,1,4,182,1,1,1,1,0.5522697738112217
388,26,2,87.91,9665.59,5,25,150.84,9,4,3,166,1,0,1,1,0.5964068730957053
389,31,1,186.68,7950.98,11,31,405.64,8,1,4,182,0,0,1,1,0.5291003672963894
390,23,1,167.25,8281.66,4,13,463.17,4,2,1,53,0,0,1,1,0.5660553324824144
391,18,1,130.58,9543.81,12,53,434.05,4,4,2,150,0,2,0,1,0.5469503657509873
392,26,2,59.87,3949.62,10,57,165.41,5,0,3,150,1,1,0,1,0.5082265809890149
393,33,0,27.97,5842.79,6,93,269.36,4,0,5,173,0,2,0,0,0.49655784384660023
394,33,0,97.63,6966.56,2,69,467.5,1,3,2,300,1,1,1,0,0.4696531461038426
395,29,2,141.07,6767.24,4,66,287.67,3,2,3,164,1,1,1,1,0.5155540172956554
396,22,2,169.13,9534.07,11,70,135.06,5,3,4,361,1,2,1,1,0.5257975297173413
397,57,1,173.48,2954.65,17,45,345.45,3,0,4,29,0,1,1,0,0.4548797446630024
398,46,2,25.9,2984.48,2,86,320.2,7,1,4,89,0,2,1,0,0.4985120515067038
399,63,1,63.95,9188.24,4,25,50.02,8,4,4,133,1,1,1,1,0.5495337600970682
400,44,2,81.04,8013.13,14,9,387.38,9,3,4,66,1,0,0,1,0.542504277353488
401,28,0,53.97,2113.23,5,31,54.19,1,2,1,282,1,2,1,0,0.49809486905674677
402,64,0,164.54,5743.46,9,33,317.99,1,0,3,25,0,0,1,0,0.47809218930310454
403,67,0,158.14,7483.06,6,86,348.35,2,0,2,165,1,0,1,0,0.4088048875644841
404,45,2,113.03,3595.06,11,68,300.67,2,4,3,339,0,2,0,0,0.4857105448486229
405,69,1,196.93,4400.38,1,58,192.9,7,0,3,299,1,2,0,0,0.41533472481637684
406,53,0,45.93,5796.43,4,85,306.82,9,3,1,16,0,2,1,0,0.4817388260658741
407,59,1,181.94,4724.37,9,82,280.77,5,0,1,41,0,2,0,0,0.43490596742530374
408,36,0,40.96,7555.12,14,18,301.65,6,0,4,360,1,2,1,0,0.4815090621361782
409,52,1,49.37,158.79,1,76,406.78,0,4,4,1,1,2,0,0,0.46342665502250213
410,69,2,145.32,4402.86,11,19,414.73,8,1,3,141,0,1,0,0,0.47220132174456225
411,48,2,39.72,3442.06,6,36,380.8,9,2,1,258,0,2,0,0,0.4917277942305339
412,61,1,121.85,6130.72,9,59,246.33,5,2,2,49,1,2,0,0,0.45655040633222266
413,36,2,95.64,7781.99,14,86,183.99,4,3,3,189,1,1,1,1,0.5033483359377843
414,63,1,151.13,853.84,3,44,440.36,5,2,1,204,1,0,1,0,0.4163737787476434
415,41,2,182.12,1664.79,1,64,439.61,2,4,3,126,1,2,1,0,0.468747157440073
416,19,2,158.58,6684.31,13,99,408.68,6,4,1,76,0,0,1,1,0.5237406093505607
417,24,1,172.94,7410.18,8,98,443.33,5,0,3,236,1,1,0,0,0.45006915634551065
418,60,0,25.93,5923.2,17,74,203.68,6,0,2,195,1,0,1,0,0.42672971934755394
419,66,0,75.84,9829.75,16,28,271.88,6,3,1,213,0,0,0,0,0.4989605731355273
420,48,0,112.78,5044.67,18,88,289.25,1,1,5,154,1,2,0,0,0.42401458128808134
421,34,1,94.87,1449.29,1,64,361.78,2,0,4,293,0,0,0,0,0.49146771724140714
422,44,0,61.63,6894.28,1,52,393.26,3,4,1,257,1,1,1,0,0.4852947494562038
423,53,2,75.42,6060.55,12,60,285.47,2,0,3,227,0,0,0,0,0.49494049977784554
424,67,0,190.18,5945.17,11,37,452.34,5,3,4,337,0,2,1,0,0.4397501606334373
425,60,2,72.95,5503.95,7,49,120.08,9,3,3,345,1,2,1,0,0.4811724883210498
426,27,0,83.7,9397.05,19,98,210.25,2,0,1,185,0,0,1,0,0.49150638536932345
427,62,0,20.67,1378.65,2,12,38.07,9,1,3,24,1,1,1,1,0.5004318705391401
428,31,1,172.11,824.65,6,73,491.14,2,2,1,342,1,2,0,0,0.4085114562859727
429,24,2,47.87,1625.76,18,94,402.65,3,4,1,174,0,1,0,0,0.4857824573891618
430,56,2,56.75,2525.4,11,34,70.53,0,1,4,145,1,2,1,0,0.4923064786693748
431,57,2,65.95,5970.17,13,48,173.63,0,3,1,60,1,0,0,1,0.5041459903721842
432,26,0,179.23,6163.01,10,15,271.82,9,4,2,70,1,1,1,1,0.5296094369769944
433,31,0,57.16,2402.76,18,95,155.33,5,4,5,13,1,2,1,0,0.480869901328759
434,25,1,163.55,4943.33,4,32,67.77,7,2,2,259,1,1,0,1,0.5288011581996941
435,34,1,165.45,4872.41,9,88,303.37,3,3,1,172,1,1,0,0,0.4585893061511405
436,40,1,186.86,4585.8,3,64,119.58,9,2,5,50,1,1,0,1,0.5119939224186162
437,33,0,40.8,8055.1,11,44,320.13,9,2,3,99,1,0,1,1,0.5204233472941672
438,43,1,59.11,4769.76,7,22,348.52,0,1,3,64,0,0,1,1,0.5425361490257578
439,26,2,153.72,7607.82,1,3,408.91,5,3,2,249,0,0,1,1,0.5875101598904258
440,53,1,55.28,1748.16,5,27,228.83,4,3,4,163,1,1,0,0,0.4988071832228182
441,24,0,71.54,5366.48,5,10,352.17,1,1,5,288,1,0,1,1,0.5347147180191588
442,35,1,50.01,8258.64,13,2,27.22,0,3,5,56,1,2,0,1,0.5919683747459518
443,25,2,51.09,1859.39,1,57,319.16,0,1,4,84,0,0,1,1,0.5592340399547087
444,38,2,106.68,4702.73,4,68,222.93,0,3,3,295,0,1,1,1,0.5309805334509262
445,43,2,39.74,6129.89,8,82,406.44,4,0,1,187,1,2,0,0,0.4487001225216882
446,20,0,77.91,1929.27,18,2,494.07,9,3,3,313,0,2,1,1,0.5011603112092318
447,34,2,96.79,7591.98,12,31,153.29,4,0,1,64,0,2,1,1,0.5503469216051801
448,68,1,24.42,882.06,3,35,448.28,0,2,3,88,1,1,1,0,0.4504388580975897
449,63,1,89.9,9469.51,13,98,61.94,8,2,5,74,1,1,1,0,0.48611566796319344
450,41,2,36.94,4735.39,17,48,231.67,7,2,5,63,0,1,1,1,0.5458728121336396
451,42,0,108.84,3427.62,3,49,350.69,1,4,1,151,0,0,0,1,0.511939553533979
452,22,2,168.63,1256.39,13,11,432.93,8,2,3,339,0,1,0,1,0.511961802870518
453,54,1,167.32,4382.71,10,7,118.39,9,0,1,304,0,2,1,0,0.4839931211963922
454,62,1,34.48,6632.06,4,6,251.39,6,1,1,306,1,1,1,0,0.48786363428520585
455,67,2,128.22,1035.42,1,43,488.2,4,1,3,315,1,2,0,0,0.41167078207021274
456,41,0,170.23,3132.06,14,71,371.26,8,4,1,354,0,1,0,0,0.44212119776455655
457,48,1,62.84,8376.57,6,39,203.06,9,3,1,120,0,2,0,1,0.5440013538960514
458,43,0,157.15,6497.19,19,6,253.8,6,2,3,239,1,2,1,0,0.47675716502789073
459,38,2,180.34,2143.09,4,61,460.63,4,3,2,338,0,2,1,0,0.4719802753160735
460,51,1,165.1,1693.01,11,31,248.53,7,1,2,349,0,2,0,0,0.4537432923566088
461,55,1,39.31,9054.4,13,60,38.46,0,0,4,62,0,0,1,1,0.5491944794226419
462,41,1,21.63,2941.5,10,9,110.3,4,4,2,206,1,0,0,1,0.5421817816880673
463,45,1,54.51,1877.05,17,64,11.84,3,4,3,154,0,0,0,1,0.5270641434941529
464,47,1,68.69,9999.64,7,82,245.31,4,4,1,35,0,1,0,1,0.5439664781822504
465,51,1,130.91,3161.0,13,87,486.97,9,2,3,14,0,2,0,0,0.4443697780827327
466,69,2,89.17,1334.93,16,4,403.21,9,4,5,219,0,1,1,0,0.49403484870393627
467,69,1,146.61,4671.4,7,16,30.23,6,0,3,34,1,2,1,0,0.4835569418723806
468,40,1,83.55,4400.02,18,95,466.12,1,0,2,338,1,2,0,0,0.39218147311695045
469,25,2,47.8,9275.34,7,7,64.55,3,4,4,185,1,0,1,1,0.6299326340476576
470,59,1,76.28,1428.63,6,94,21.27,2,1,1,242,0,0,1,0,0.4639804061300348
471,67,1,179.18,1002.25,13,23,113.68,8,1,1,182,0,1,0,0,0.45577130037874797
472,27,2,192.54,1020.49,3,11,255.08,5,4,2,241,1,1,0,1,0.527325833239766
473,18,1,57.35,9052.45,1,29,48.1,0,2,4,53,0,0,1,1,0.6502442472582778
474,37,1,161.92,4548.75,18,8,392.86,6,1,5,363,0,2,1,0,0.494661213755579
475,54,2,69.2,1591.0,11,92,18.57,7,4,4,101,1,2,1,0,0.4824074033711421
476,35,1,179.68,5978.92,1,84,116.9,8,0,4,327,1,1,1,0,0.4811561392740702
477,38,2,49.8,5422.47,5,3,303.22,2,3,2,209,0,1,1,1,0.5777195090407491
478,66,1,139.87,2064.23,9,72,211.18,8,1,4,158,1,1,0,0,0.42628464288406653
479,21,1,35.16,6070.08,19,77,235.6,6,2,1,143,1,0,0,1,0.5021780003500902
480,60,2,195.3,3468.29,14,52,338.29,4,3,4,292,1,1,1,0,0.44146726918539414
481,19,0,146.11,2459.87,8,20,186.22,8,3,2,226,0,2,1,1,0.538927776548966
482,38,2,171.53,5152.97,9,95,127.92,5,2,4,10,1,2,1,0,0.49779540266733313
483,54,0,122.0,2987.33,17,31,459.93,9,2,4,94,0,0,1,0,0.47338694373084
484,22,0,105.82,2299.19,11,28,179.14,4,4,1,323,0,2,1,1,0.52485498134172
485,34,1,131.94,8809.25,16,16,244.23,7,0,1,79,1,2,0,1,0.5081375159035965
486,66,2,115.17,1642.05,17,48,411.78,0,2,2,136,0,2,0,0,0.44284197362908806
487,65,0,104.49,2877.84,2,24,320.07,4,2,3,258,0,1,0,0,0.4813799640348049
488,28,0,156.7,3922.77,3,59,314.01,8,3,1,235,1,2,0,0,0.4712178733783723
489,63,0,52.08,2809.02,17,95,323.02,1,1,2,238,1,2,0,0,0.3778799220332733
490,58,0,50.81,2186.04,12,84,407.08,1,1,4,203,1,2,0,0,0.4018185088529735
491,48,2,97.73,7734.35,16,9,267.67,7,2,1,143,1,0,0,1,0.5217150015073149
492,45,1,77.73,3357.26,16,14,47.17,9,0,5,341,0,2,1,1,0.5173033832345907
493,61,1,33.34,1213.88,6,39,336.1,8,2,2,93,1,1,0,0,0.45936843355261137
494,49,0,172.0,5454.86,3,39,90.85,7,0,5,177,0,2,1,1,0.5177103657325036
495,38,1,158.89,1342.34,13,3,416.07,5,3,1,230,0,2,1,0,0.491130125197073
496,24,0,117.91,3639.44,13,43,86.71,5,4,5,363,1,1,1,1,0.5213502725392545
497,27,1,196.28,8830.08,15,52,478.66,9,3,3,327,1,0,0,0,0.4891615827717315
498,45,1,33.07,3754.7,2,69,358.07,4,4,1,237,0,2,1,1,0.5024399925022414
499,65,2,158.0,6361.84,12,39,139.06,8,3,4,117,0,0,0,1,0.536283795694888
500,53,0,67.95,5194.79,15,70,111.66,1,2,2,112,1,2,0,0,0.4596629247030242
501,37,2,86.35,1463.48,15,60,440.35,7,2,5,332,0,2,1,0,0.47799009357791755
502,30,1,59.47,6525.79,12,64,122.99,1,0,3,279,1,0,1,1,0.5106057246003551
503,36,0,162.03,8574.75,7,54,211.81,9,2,5,23,0,1,0,1,0.5594139890497187
504,67,0,45.96,1022.8,3,63,235.56,5,1,1,23,0,0,1,0,0.467750561030188
505,28,0,171.2,7561.43,10,34,70.94,1,2,5,114,0,2,0,1,0.5742143103144569
506,52,0,139.08,6933.09,11,89,370.38,3,1,2,355,0,0,0,0,0.44456450277125636
507,51,0,30.62,8679.94,18,93,62.76,0,3,5,144,0,2,0,1,0.5216568714185793
508,61,0,165.98,1130.51,7,86,428.63,2,3,5,254,0,2,0,0,0.4251703019824064
509,21,1,133.0,3126.38,7,45,270.56,7,4,4,157,1,0,1,1,0.5416981822764126
510,30,0,182.9,6973.49,12,15,312.18,9,4,3,153,1,2,1,1,0.5202301643813402
511,54,1,154.77,317.98,17,69,416.14,4,2,5,311,0,0,1,0,0.4375920436884735
512,19,2,121.0,7367.35,14,82,174.76,9,2,4,332,1,1,1,1,0.5193518958739128
513,67,1,170.58,8593.99,15,80,482.92,1,4,5,298,1,2,1,0,0.42917516339736617
514,18,2,70.05,4587.71,8,26,309.78,2,2,5,264,0,1,1,1,0.5862865108063872
515,57,0,118.45,4399.87,17,64,70.88,3,1,3,38,1,0,1,0,0.465206544070636
516,42,1,72.85,2856.84,7,37,151.01,6,3,5,349,0,2,1,1,0.5341716474693035
517,54,1,194.28,150.01,9,13,253.17,8,0,3,264,1,1,0,0,0.440727032778606
518,53,1,60.72,1944.4,16,39,345.53,5,0,5,182,1,0,0,0,0.4576309974871984
519,23,2,22.83,9800.65,3,60,109.06,6,3,3,129,1,2,1,1,0.5935822161205764
520,24,0,78.65,8686.13,11,94,219.21,1,0,5,236,0,0,1,1,0.5353691180014151
521,21,1,110.45,2738.4,10,31,62.76,0,0,3,358,1,0,1,1,0.5211146460901044
522,52,2,25.11,9641.11,11,99,98.47,0,1,1,221,1,2,1,0,0.4851753634423992
523,58,1,120.66,3740.35,9,84,381.48,1,3,5,127,0,0,1,0,0.4885194180488915
524,51,1,177.37,3046.1,11,84,308.59,5,4,4,158,1,1,1,0,0.45327552614038663
525,46,1,146.85,1612.8,11,32,231.6,7,3,5,69,0,0,1,1,0.5364665954035738
526,22,1,132.13,9025.95,18,76,13.5,7,2,5,10,1,2,1,1,0.5526092681007746
527,44,2,192.07,9871.23,4,8,42.4,0,2,4,136,1,0,0,1,0.5932309450666815
528,50,0,192.49,3341.37,5,70,384.15,4,3,5,339,1,2,0,0,0.43340746190064144
529,63,0,168.37,7063.96,5,78,55.98,4,0,1,95,1,1,0,0,0.4512166608244913
530,69,1,129.39,3419.5,18,63,387.81,3,1,4,334,0,0,1,0,0.4303202100241933
531,27,2,107.8,1139.41,18,99,364.84,8,2,4,110,0,2,0,0,0.4807283675942004
532,23,0,22.4,3987.65,16,47,261.73,7,4,3,256,1,2,0,1,0.5069801804318851
533,51,0,129.13,5560.54,9,33,185.85,7,1,3,360,0,1,0,0,0.49596629007469717
534,25,1,198.04,1317.87,2,33,451.11,4,4,4,35,0,0,0,1,0.5577445712342088
535,48,1,167.26,8200.9,16,29,96.53,2,0,4,112,1,1,1,1,0.5134211136002039
536,26,2,81.31,5023.89,10,13,428.96,2,4,5,106,1,0,0,1,0.5765254729517676
537,38,0,47.37,2420.39,12,94,384.1,2,4,1,174,1,2,1,0,0.4379549780519685
538,25,1,161.13,5968.32,17,75,337.19,4,2,3,236,1,2,1,0,0.47060662639370526
539,21,2,153.91,7953.27,16,56,471.76,1,0,2,217,1,2,0,0,0.48382324025099593
540,39,2,194.07,3343.48,17,74,498.1,2,4,5,144,0,2,1,0,0.4886380723525106
541,45,2,177.47,7044.62,17,50,396.73,4,1,5,336,0,0,0,1,0.5038594654889686
542,62,0,120.02,4335.81,3,20,122.1,4,3,1,342,0,2,0,1,0.5000149083580147
543,21,0,38.23,9644.11,9,87,345.63,2,3,3,56,1,1,1,1,0.53814473947055
544,56,0,107.03,7732.31,2,24,206.19,7,2,2,151,0,1,0,1,0.5403024801124484
545,38,2,76.47,3627.87,17,31,69.95,3,4,3,147,0,0,0,1,0.5781269531835012
546,25,2,112.23,275.7,15,61,425.9,2,1,3,11,1,0,1,0,0.48631114080348253
547,37,1,74.31,6609.45,9,53,174.02,1,1,1,256,0,0,0,1,0.5369357263871012
548,49,1,175.13,2058.93,2,14,482.58,7,4,5,347,1,1,0,0,0.48485120406661014
549,18,0,171.98,1306.6,15,32,407.45,0,4,1,27,0,1,0,1,0.5233522853778211
550,23,0,76.78,9324.59,14,59,402.03,4,0,3,329,1,2,1,0,0.4814995286631111
551,45,1,127.92,9999.49,1,17,415.19,4,3,2,9,0,1,1,1,0.582556311430573
552,61,0,97.43,2771.9,13,19,209.98,9,4,5,163,1,0,1,0,0.4968986711562127
553,48,1,183.64,3087.51,9,2,50.28,5,4,1,349,1,1,1,1,0.5081986873010895
554,27,1,53.72,1733.39,1,16,497.57,4,1,4,167,1,1,0,1,0.5206910636070812
555,37,1,145.59,4631.08,1,33,482.43,9,2,2,128,1,1,0,0,0.49852847782896653
556,25,2,194.67,8671.85,11,79,239.17,3,3,4,361,1,0,0,1,0.5269460336512706
557,39,0,51.55,7044.91,12,74,415.96,2,3,3,357,0,2,0,0,0.48992970509238065
558,55,2,56.35,8478.68,5,7,243.91,1,3,2,27,0,2,1,1,0.5902791610123227
559,46,0,144.87,2361.97,19,68,463.81,5,0,2,143,1,1,0,0,0.39830355140254176
560,26,2,160.25,7331.52,18,71,206.03,3,3,5,316,0,2,0,1,0.5431773992903337
561,61,0,108.3,9193.41,7,80,440.54,5,1,3,161,0,0,1,0,0.48072362694762916
562,64,0,129.74,2886.02,19,94,16.34,7,4,1,52,1,2,0,0,0.42717345440786747
563,18,1,58.28,6937.47,16,86,177.24,3,1,2,232,1,1,0,1,0.5078927152207229
564,58,2,105.79,4066.51,10,52,312.07,8,0,1,101,1,2,1,0,0.4489050391919394
565,69,2,40.17,2973.24,8,75,428.87,5,0,3,213,1,1,1,0,0.4231734166368025
566,56,0,77.86,9699.27,3,59,53.46,7,1,3,186,0,0,1,1,0.5506683227301625
567,43,2,71.26,3551.47,1,78,46.59,8,2,4,4,1,2,1,1,0.5358238774984639
568,28,0,100.03,1167.71,18,92,396.06,3,2,1,125,0,0,0,0,0.46120476189793325
569,69,0,187.42,3947.03,7,27,287.39,9,0,1,288,1,0,1,0,0.4209451929592351
570,52,1,52.63,4532.02,13,27,74.64,5,2,5,143,1,2,0,1,0.5234964039045128
571,41,0,92.25,7546.89,15,69,243.92,5,1,3,258,1,2,1,0,0.46586439357013043
572,50,2,130.81,9504.15,15,60,110.27,4,0,3,33,0,1,1,1,0.546763598610413
573,37,1,190.38,8188.86,8,30,378.18,3,3,3,247,0,0,0,1,0.553217771377439
574,44,0,43.97,9316.32,10,49,409.65,8,2,3,114,1,0,0,1,0.5141230876000646
575,32,1,185.22,4803.1,8,93,225.91,9,2,5,140,1,2,0,0,0.48689276451341823
576,50,1,34.59,7221.23,14,62,484.25,8,1,4,306,1,2,1,0,0.45321240585925776
577,69,0,106.53,3159.59,2,61,321.34,0,1,3,323,0,2,0,0,0.4456533090224859
578,24,2,101.83,788.91,4,16,137.23,4,1,2,262,1,1,0,1,0.537808962661668
579,51,0,57.73,3718.19,3,92,42.31,2,2,4,144,1,0,0,0,0.49823231145320046
580,62,0,82.54,7009.36,8,41,351.68,5,2,5,24,0,2,1,1,0.52019321195002
581,68,0,101.75,2818.76,3,33,299.1,9,0,4,307,1,2,1,0,0.4323975462147027
582,63,0,175.74,8627.92,8,46,178.15,2,2,4,271,1,2,1,0,0.4764958518926331
583,59,0,191.91,7928.65,4,15,371.87,5,0,5,235,0,0,1,1,0.5182045680511057
584,22,2,113.41,2021.02,1,69,28.98,1,1,2,320,1,1,1,1,0.5256461850652016
585,47,1,176.62,3375.28,5,90,427.62,9,3,3,149,0,1,0,0,0.47696512659010076
586,45,2,129.47,8270.5,12,97,103.42,8,2,2,105,1,1,1,1,0.5036568906166946
587,35,0,82.84,2514.98,16,13,26.23,8,1,3,255,0,1,1,1,0.5372786455139
588,53,1,54.95,3382.86,10,45,447.04,3,3,5,52,1,2,0,0,0.4897266034346228
589,20,1,94.36,3496.36,7,60,312.78,6,1,1,21,0,1,1,1,0.5415571497836504
590,38,1,114.11,8030.32,6,43,70.97,2,3,5,223,1,2,0,1,0.5606476276442707
591,63,2,28.0,466.6,2,64,317.52,5,2,4,317,0,2,1,0,0.4818029065915251
592,33,2,46.25,830.49,6,53,445.63,8,1,3,52,0,0,1,1,0.5327991515885346
593,54,2,128.03,5826.67,17,14,296.68,2,2,5,322,1,0,1,1,0.5094022345559469
594,59,0,60.5,4031.41,13,53,378.02,5,0,2,215,0,0,0,0,0.4599533111409092
595,22,2,170.72,6365.56,15,51,448.87,0,1,1,185,1,2,0,0,0.48850124925324306
596,67,2,78.85,2737.97,9,51,458.89,7,3,2,294,1,1,0,0,0.4400976617491677
597,68,2,38.87,9104.87,12,70,79.83,0,1,2,277,0,2,0,1,0.5122461774189757
598,31,1,35.04,7633.32,15,88,379.8,8,4,4,251,1,0,0,1,0.5146010107608592
599,48,1,188.68,770.69,3,95,430.53,9,4,3,305,0,2,0,0,0.4481888107184466
600,63,0,41.24,7860.66,17,93,491.72,2,0,3,237,0,0,1,0,0.4405260834798321
601,41,1,45.36,9698.87,12,55,433.35,4,1,5,298,1,0,0,1,0.5145255722489779
602,52,0,175.28,9430.11,5,86,344.63,1,1,4,75,0,0,0,1,0.5134223577080191
603,53,1,65.77,7381.29,19,84,144.56,0,3,5,229,1,0,0,1,0.5007491447861364
604,27,0,139.87,1323.58,7,89,162.61,1,3,3,228,1,2,1,0,0.47499121818829454
605,44,0,167.01,5803.16,2,48,397.19,9,3,4,171,0,0,1,1,0.5320223982136667
606,44,1,129.29,2913.9,5,88,213.04,9,1,3,15,0,1,1,1,0.5070590421371888
607,40,1,192.35,9705.11,8,46,426.4,4,1,4,287,0,0,0,1,0.533855552790231
608,30,2,147.6,7203.11,8,63,240.74,1,4,1,176,0,0,1,1,0.5730702601347981
609,33,2,40.3,6146.58,17,11,336.2,8,2,1,193,0,0,0,1,0.5668107254541117
610,52,0,120.51,6981.37,3,95,478.25,8,3,3,355,0,1,1,0,0.46785372539354
611,44,0,149.27,4435.99,13,97,114.02,9,2,4,6,1,2,0,0,0.47073176537463435
612,69,0,164.35,3790.09,6,86,151.36,2,2,5,315,1,0,0,0,0.44100799252450607
613,56,1,24.74,9364.42,13,55,230.46,1,0,1,180,1,2,1,0,0.4834388883505939
614,64,1,149.4,3386.08,14,95,395.17,6,1,5,207,0,1,0,0,0.4373048398684613
615,34,2,168.62,510.22,17,7,411.83,2,1,1,225,0,2,1,0,0.49248666297559623
616,65,1,154.43,4068.32,7,26,411.11,5,4,3,257,0,0,0,1,0.5058054712371673
617,58,0,112.22,7924.37,16,6,170.63,3,1,5,68,0,1,0,1,0.552944873338796
618,18,2,102.44,6519.84,1,56,53.4,1,0,4,77,1,0,0,1,0.5969819073133833
619,28,1,118.9,9625.49,18,96,82.88,7,1,1,90,0,2,0,1,0.5321649614655616
620,29,0,146.84,1151.4,5,48,86.17,9,3,4,160,1,1,0,1,0.5229239230572437
621,31,1,186.12,9124.31,14,28,338.83,8,3,2,260,1,2,0,1,0.5173325522484665
622,25,1,131.07,3751.61,1,90,283.56,1,4,5,236,0,0,1,1,0.5613059651281249
623,48,1,179.81,4792.63,14,34,98.7,9,3,1,328,0,1,0,1,0.5127442555551558
624,24,0,146.23,4341.97,5,92,230.9,9,0,4,349,1,0,1,0,0.47651191332784776
625,63,0,32.3,1252.88,4,17,259.13,0,1,3,142,0,2,0,1,0.5035318571651489
626,48,1,110.15,2553.18,4,17,391.19,2,2,2,176,1,2,0,0,0.48930698535838385
627,33,0,71.57,7448.49,3,80,295.46,0,1,2,14,0,2,1,1,0.5396375105692742
628,59,1,71.33,327.77,18,95,194.82,0,0,4,143,1,1,1,0,0.4196128162009744
629,56,2,84.07,1425.49,13,35,475.21,1,1,5,219,0,2,0,0,0.48500831217402984
630,61,0,76.65,349.58,4,60,256.26,9,1,3,189,0,0,0,0,0.4740281534489163
631,36,1,124.15,8588.14,9,70,432.16,5,3,4,151,1,2,0,1,0.5110294316192201
632,25,1,143.05,6211.52,2,73,226.42,4,0,4,111,1,2,1,1,0.5248683411770989
633,46,1,68.37,1782.29,16,17,17.33,5,3,4,156,0,1,1,1,0.5618605055095985
634,19,2,43.36,7710.85,10,52,305.05,4,4,4,241,0,0,0,1,0.6132002289415616
635,59,0,30.59,9671.33,9,93,403.19,9,4,4,320,1,1,0,0,0.47229895176319414
636,20,1,123.64,9352.15,11,6,149.09,2,0,4,29,1,1,0,1,0.5994413482570321
637,68,1,53.5,9223.32,13,1,356.11,5,0,3,17,0,1,1,1,0.543104308520903
638,46,1,21.66,177.32,13,84,237.1,4,4,3,54,0,2,0,1,0.5053123704149932
639,32,0,187.0,5931.23,4,24,183.48,6,2,4,116,1,2,0,1,0.5410841892545531
640,55,2,116.69,2640.66,13,31,39.46,4,4,3,150,0,2,1,1,0.5495278882443875
641,45,2,36.64,5690.01,9,39,184.28,1,1,1,91,1,1,1,1,0.5329674498599237
642,54,1,171.73,3248.5,10,41,406.3,9,4,1,106,1,0,0,0,0.47475361671412203
643,49,1,196.98,1621.3,1,99,399.93,8,4,2,172,1,2,0,0,0.4371144403884897
644,47,0,100.75,4500.49,7,82,422.73,6,3,1,192,0,0,1,0,0.4836992351782849
645,68,1,27.65,5001.45,9,16,401.46,6,0,2,333,0,1,1,0,0.48446820720644757
646,64,2,41.16,9898.68,5,75,385.69,7,3,3,63,0,2,1,1,0.5401491005434049
647,47,0,88.7,519.64,7,19,418.46,6,3,4,86,0,1,1,1,0.5220007899392286
648,68,0,179.39,3081.44,13,28,411.62,0,3,4,163,1,2,1,0,0.4406574537499272
649,51,1,46.65,8533.75,8,52,118.28,4,1,1,135,1,1,1,1,0.5240955855345023
650,30,2,168.32,6630.99,4,43,356.56,3,0,3,341,1,0,1,1,0.5206521255004991
651,50,0,22.7,8284.16,11,79,498.26,7,4,5,57,1,0,1,1,0.5105723507326866
652,59,0,102.33,6636.88,18,48,81.1,9,1,4,294,1,2,0,0,0.46651784094266024
653,34,1,135.99,7619.41,18,82,370.36,9,3,3,272,1,0,0,0,0.48705850293534664
654,20,2,30.87,4979.93,18,42,461.86,2,1,4,271,1,0,1,1,0.5282720944795103
655,26,2,130.66,2128.29,15,4,329.35,9,1,1,355,0,2,1,1,0.5217081227518061
656,69,0,189.99,8119.04,10,26,177.58,6,3,5,282,1,1,0,0,0.4957064225370664
657,28,2,48.85,5721.42,13,89,339.34,0,3,4,106,0,2,0,1,0.5537842962225602
658,66,1,151.33,1481.1,13,96,464.61,2,1,3,142,0,0,1,0,0.4251983187875016
659,44,1,129.64,8068.45,5,88,468.32,6,1,2,187,1,0,0,0,0.4759728616789873
660,45,0,53.32,9590.0,9,80,434.48,8,0,4,172,0,1,0,1,0.5098284525991723
661,19,0,21.12,3527.02,10,22,282.69,7,0,2,161,0,0,1,1,0.5633635817982059
662,18,2,21.67,3005.77,4,61,290.2,1,3,3,83,1,2,1,1,0.5632165426546205
663,23,1,115.78,909.57,2,30,480.14,1,3,4,335,1,2,0,1,0.5096871667162769
664,42,2,189.7,6678.46,7,23,334.54,0,1,5,295,0,0,0,1,0.5624719766366036
665,52,2,135.97,9593.72,14,25,19.91,1,2,1,319,0,2,0,1,0.559308285883203
666,33,0,148.57,1446.33,13,68,145.74,4,0,1,169,1,1,1,0,0.45527856577994635
667,21,1,108.9,4903.08,6,10,201.35,1,2,3,223,1,2,0,1,0.5661391386776756
668,64,1,124.74,1072.56,1,39,248.53,0,1,5,296,1,1,0,0,0.47259033286985264
669,55,2,42.75,437.69,8,65,158.8,3,4,5,1,1,0,0,1,0.5342699431493924
670,61,1,177.83,6678.56,7,80,115.07,8,4,1,162,0,2,1,1,0.50651534322267
671,37,1,156.94,8690.1,7,15,358.19,4,4,2,181,1,2,1,1,0.5491161557728641
672,42,2,199.68,3441.95,8,70,92.89,9,4,3,217,0,1,0,1,0.5422311655208198
673,24,0,73.59,8770.08,19,82,54.64,1,1,5,209,1,1,1,1,0.5358039198845054
674,38,0,60.86,1258.83,18,59,210.92,4,0,4,265,1,1,1,0,0.4582065269559944
675,24,0,42.53,2455.81,12,68,407.16,6,0,3,97,0,2,0,1,0.5025182739902179
676,46,2,193.56,9025.91,18,84,382.53,4,2,1,194,1,0,1,0,0.4721103466453135
677,69,1,160.56,5134.25,6,83,125.83,2,3,4,273,1,0,1,0,0.47568477138633414
678,24,2,49.94,6121.1,19,50,140.78,7,4,3,350,0,1,0,1,0.5810077057061227
679,20,2,119.48,476.38,18,2,493.7,4,0,3,264,1,2,0,0,0.49013426551149164
680,46,0,94.48,1371.06,10,8,46.4,2,1,2,94,1,1,0,1,0.5174148136929491
681,46,1,47.27,652.33,13,9,48.54,5,3,4,166,1,1,1,1,0.541680219816054
682,56,0,49.17,9059.51,18,32,54.42,9,2,1,130,1,0,0,1,0.5245826545462533
683,55,1,193.42,1434.47,5,15,168.65,2,2,3,177,1,0,1,1,0.5071202221554112
684,23,1,74.89,8511.76,1,79,384.28,9,0,2,313,0,1,1,1,0.5420612884049316
685,63,0,189.46,3575.24,4,21,446.44,6,1,1,170,0,2,1,0,0.4647573357604681
686,27,0,33.61,8025.92,13,19,466.88,5,1,4,111,1,1,1,1,0.5449563659656367
687,54,2,102.94,3713.93,16,36,133.68,8,0,1,360,0,2,1,0,0.48835881821546046
688,31,1,43.33,2750.07,6,45,235.49,8,0,4,17,1,2,1,1,0.5316667934823922
689,39,1,20.86,1027.24,8,32,55.82,7,0,1,299,0,1,0,1,0.5311724046661344
690,49,1,119.68,2879.0,15,66,282.55,8,0,4,186,1,1,1,0,0.4552247151496472
691,35,1,40.5,4767.65,6,91,13.2,8,1,3,126,1,1,1,1,0.5296583167633634
692,53,1,149.96,8193.34,18,25,235.22,0,1,4,165,1,2,0,1,0.5063289384455155
693,63,2,145.66,4579.9,19,39,490.4,1,0,1,283,0,1,1,0,0.4490125590222974
694,69,1,51.74,9717.21,19,42,78.81,9,1,5,289,0,2,0,1,0.5278155716445424
695,26,2,189.51,5462.17,18,96,113.27,9,2,1,21,1,2,1,1,0.5012324301354546
696,43,0,149.79,346.96,2,57,146.05,7,1,1,171,0,2,0,0,0.4912078470947729
697,39,2,73.63,4212.14,11,76,434.73,8,1,1,190,1,2,0,0,0.4644453783043836
698,63,2,147.66,6920.1,18,60,446.1,5,3,5,138,1,0,0,0,0.48609237235650854
699,55,2,151.75,2419.49,10,36,473.19,2,1,1,275,1,2,0,0,0.4402023691891706
700,40,0,81.6,7016.44,5,76,131.72,8,0,1,338,0,1,1,1,0.5118928536696106
701,34,1,87.61,5086.6,9,48,232.21,8,0,3,119,0,1,1,1,0.5494772461610546
702,43,2,84.64,354.8,19,50,197.18,7,0,2,20,1,1,0,0,0.4812453103992398
703,64,0,130.99,7766.09,6,30,301.97,3,4,5,191,0,2,1,1,0.5431423724956085
704,55,2,182.07,5647.7,8,51,155.02,6,1,5,282,1,1,1,1,0.5057395399258614
705,19,2,51.17,916.69,2,11,416.22,0,3,1,140,0,2,1,1,0.5854788738843237
706,23,0,177.54,4804.62,18,43,454.01,5,0,5,292,0,1,0,1,0.503806473309798
707,24,2,24.98,2944.2,16,27,450.99,0,0,5,357,1,2,1,1,0.5106057430160129
708,30,2,138.86,8808.85,8,76,138.96,9,4,4,180,1,0,1,1,0.5792436903305184
709,44,1,94.6,2920.78,17,58,247.4,1,2,2,285,1,0,1,0,0.47667030721688836
710,28,0,162.43,9422.7,18,72,273.55,8,4,5,227,1,0,1,1,0.5345101486992616
711,32,2,149.82,5506.71,7,97,485.26,3,0,2,95,1,2,1,0,0.47034517761117156
712,26,0,106.42,3303.78,9,92,224.58,6,0,5,93,0,0,1,1,0.5317060412642127
713,25,0,135.9,8154.1,7,8,44.21,9,1,3,326,1,0,1,1,0.5774516494130407
714,63,1,110.32,7004.26,3,56,325.27,4,2,2,88,1,0,0,1,0.504980349322762
715,23,1,166.07,4198.23,6,85,95.49,0,0,4,347,0,1,0,1,0.5360835104802225
716,65,1,105.7,6333.22,5,18,188.94,3,3,5,277,1,2,0,1,0.5277022882458173
717,60,2,114.17,7807.98,3,75,263.86,3,0,1,67,0,2,1,1,0.516929662801546
718,21,2,65.09,8530.42,14,93,481.76,5,4,5,17,0,1,1,1,0.5883961739982644
719,28,2,128.91,8182.49,18,71,88.23,6,4,5,244,0,2,0,1,0.5876025750453033
720,68,2,74.52,1744.16,7,57,427.42,0,1,5,348,1,1,0,0,0.4497172338500512
721,45,2,123.91,8301.06,11,29,19.2,5,0,2,54,1,2,1,1,0.556222144035561
722,43,2,50.54,680.43,14,17,33.47,4,0,5,200,1,2,1,1,0.5314134711265173
723,21,0,48.7,2081.69,16,62,244.94,9,1,2,228,1,1,0,0,0.4887040300315316
724,32,0,95.07,6266.97,16,69,290.46,0,0,4,166,1,2,0,0,0.4882459915957242
725,36,1,96.83,1235.46,4,70,102.61,2,2,3,39,0,2,1,1,0.5503774679187987
726,23,2,68.26,6073.14,16,89,100.67,4,1,3,139,1,1,1,1,0.540134752180991
727,22,0,43.69,3148.86,8,45,362.66,5,1,3,35,1,2,1,1,0.5246568064700539
728,35,1,27.06,4351.72,9,55,161.13,1,2,5,341,0,0,0,1,0.5722663637997643
729,23,1,24.54,3220.0,5,33,358.03,0,3,2,271,0,1,0,1,0.5753928795327503
730,48,1,68.88,794.72,18,77,263.57,7,0,3,31,0,0,1,0,0.48780157561399357
731,42,1,103.13,5057.51,13,56,189.8,6,0,4,55,0,2,1,1,0.5361469234813498
732,21,0,150.72,9639.63,15,66,32.43,3,3,3,90,0,0,0,1,0.6049434938795669
733,23,0,105.48,6156.66,10,13,486.53,8,4,5,167,1,0,0,1,0.5683353676780842
734,58,0,182.73,3070.32,5,26,196.21,1,1,1,225,0,2,1,0,0.4919540765331318
735,54,1,26.34,9565.88,4,65,396.92,2,1,3,354,0,2,0,1,0.5233558939387198
736,67,1,52.52,3953.45,19,70,174.98,6,4,5,276,0,1,0,1,0.504419316992246
737,42,2,80.93,7005.43,15,77,449.91,0,2,5,340,1,2,1,0,0.48888690215878666
738,51,2,123.95,6377.72,8,31,45.34,5,4,1,230,1,0,1,1,0.5600729140601372
739,36,1,173.49,9533.82,5,41,147.88,4,2,3,255,0,2,1,1,0.5807688276227077
740,51,0,83.04,9154.57,9,18,267.84,0,1,3,54,0,2,0,1,0.5663307667242486
741,32,1,68.24,1565.24,17,29,310.36,5,0,4,201,0,0,1,1,0.5353924967645841
742,67,2,31.14,948.29,8,29,325.29,8,2,5,133,1,1,1,1,0.5019693795655974
743,25,2,167.83,8115.46,14,12,202.03,6,1,3,166,0,1,1,1,0.6028792872631005
744,61,0,88.34,9058.94,12,94,317.56,2,1,3,359,1,0,0,0,0.45186489256710893
745,64,1,122.88,4980.44,9,66,434.45,2,2,2,90,1,1,0,0,0.4600817956236919
746,66,2,197.04,6938.54,16,1,420.66,3,3,1,247,0,0,1,1,0.521583908131185
747,51,0,20.29,790.9,1,51,133.62,6,2,4,38,1,1,0,1,0.5246594810039419
748,35,2,46.18,2276.06,1,28,30.38,2,1,1,317,1,2,1,1,0.5476389830285998
749,47,0,160.24,1578.82,10,57,127.43,2,0,2,231,0,2,1,0,0.4795784664638135
750,30,2,164.92,6051.49,12,80,411.56,7,4,2,117,0,0,0,1,0.5517880017683741
751,64,2,158.46,2055.64,3,53,332.87,8,3,2,280,0,2,0,0,0.48918028434366506
752,50,1,116.66,692.48,1,17,71.01,6,1,3,122,1,1,1,1,0.5323105485987606
753,52,0,196.19,3091.85,8,91,90.5,0,0,1,334,1,1,0,0,0.42792293890858996
754,69,0,91.31,6804.4,16,78,139.92,8,3,1,161,0,1,1,0,0.48737178614001075
755,41,2,128.35,5820.85,6,26,428.6,0,0,5,21,0,1,0,1,0.5764677946122948
756,43,1,31.41,3374.18,11,24,205.0,8,1,3,285,1,2,0,1,0.512842237526267
757,64,2,93.77,8351.44,14,61,176.43,0,0,4,114,0,1,1,1,0.5387977084039931
758,68,2,150.05,2835.06,13,72,120.57,9,1,4,244,1,1,0,0,0.4589468436087107
759,61,2,62.97,2679.42,4,20,340.22,9,0,5,65,0,1,0,1,0.5485663021536634
760,59,0,189.89,5643.48,2,66,484.34,4,0,2,338,0,2,0,0,0.44635776308285535
761,64,1,143.62,4834.33,3,63,48.88,7,3,3,81,0,1,1,1,0.547407173944162
762,18,2,71.76,4515.13,7,41,256.34,7,4,1,214,1,1,1,1,0.574230351209535
763,30,2,158.42,1642.28,18,69,452.25,7,3,5,330,1,2,0,0,0.4719489154153576
764,27,2,34.97,5096.0,14,16,141.11,0,2,1,117,1,1,0,1,0.581839536374041
765,36,0,195.46,2664.29,10,22,176.13,3,2,1,108,1,2,1,1,0.505498408974567
766,22,2,28.87,3982.58,10,20,251.79,2,1,1,323,0,1,1,1,0.5805123848503725
767,25,0,188.02,7362.35,6,29,78.66,4,0,2,130,0,0,0,1,0.5905758720913445
768,21,0,65.51,9374.94,15,98,403.85,5,3,4,130,0,1,0,1,0.5577766917810765
769,66,0,156.41,7761.24,16,11,133.39,5,0,2,360,1,1,1,0,0.47399191550599656
770,30,0,20.01,4115.78,8,25,38.82,2,4,2,215,1,1,0,1,0.5778913149983983
771,55,0,65.76,5971.03,5,26,335.73,4,0,4,127,1,1,0,1,0.512911893030298
772,63,1,154.84,7490.33,4,54,277.2,8,1,4,331,1,0,0,0,0.4935161522513344
773,66,0,115.82,4200.79,8,8,465.52,0,3,5,133,1,0,0,1,0.5075822396155302
774,63,0,40.69,3666.46,10,21,393.49,0,2,2,46,0,2,1,1,0.5138837657826781
775,36,2,90.85,1438.91,10,88,27.65,1,4,3,312,1,2,1,1,0.5168092635948001
776,69,1,87.6,7388.98,8,63,269.6,4,0,1,88,1,2,1,0,0.4680897667811505
777,67,1,122.27,8401.24,12,63,435.24,9,4,3,64,1,0,1,0,0.49950387064880064
778,25,2,140.24,3234.19,7,79,18.98,1,4,3,113,1,0,0,1,0.577069689189511
779,44,0,171.35,7856.73,14,16,193.0,3,4,3,329,1,2,1,1,0.5289721995023684
780,67,1,109.5,6141.11,3,5,418.21,8,4,4,291,1,2,1,1,0.51696407313927
781,64,0,90.56,7862.42,8,95,132.17,8,3,5,302,1,0,0,0,0.4955759843669387
782,47,2,45.92,4172.24,4,97,15.97,3,4,2,164,0,1,1,1,0.5698776761609665
783,21,1,164.87,7501.01,13,86,176.88,5,4,4,187,0,2,0,1,0.575080437017166
784,28,0,148.41,4144.24,1,2,26.95,8,3,5,189,0,2,1,1,0.6219281821621698
785,38,1,93.56,978.7,6,51,458.69,2,1,5,183,0,2,1,1,0.5178511247152067
786,60,1,113.32,5550.73,1,24,427.86,3,2,5,24,1,1,1,1,0.5369439366693086
787,19,0,139.73,4597.85,4,65,216.74,8,2,5,356,0,0,1,1,0.5689555422894794
788,38,0,49.67,2603.51,11,15,209.83,0,4,1,121,1,1,0,1,0.5437999171238629
789,34,1,24.9,8931.92,18,92,489.92,5,4,1,93,0,1,1,1,0.5392868779307429
790,60,2,77.15,3890.25,17,78,249.74,8,2,4,37,1,1,0,0,0.49019288026083513
791,68,1,127.21,487.35,9,38,223.98,0,0,2,91,1,0,1,0,0.46496489900153715
792,46,2,107.59,3883.14,19,53,206.23,0,0,2,149,0,0,0,1,0.5266647479625842
793,44,1,144.66,4302.65,16,99,165.67,0,4,4,216,0,1,0,1,0.5223929172979305
794,41,0,167.54,8630.21,11,77,178.18,5,2,2,254,1,1,1,1,0.500734181619309
795,66,2,107.92,8011.91,6,3,227.75,5,0,4,323,1,0,1,1,0.5403403012239292
796,20,2,44.17,2079.67,14,98,462.53,9,0,2,203,0,2,1,0,0.49628994887889544
797,56,1,173.11,8406.39,4,79,440.15,7,2,3,126,1,0,0,0,0.495897071634769
798,27,1,123.5,2554.48,5,18,383.76,7,0,1,242,1,1,0,1,0.5123715164786321
799,20,2,153.19,3485.15,4,45,394.05,8,2,4,292,1,0,1,1,0.5498893540885799
800,62,0,146.84,860.5,4,72,217.72,0,3,5,52,1,1,1,0,0.48442000083592945
801,59,2,194.28,648.03,8,28,295.58,7,4,2,275,1,0,1,0,0.4914580762533267
802,43,2,73.16,6840.52,11,24,449.49,2,2,4,275,1,2,1,1,0.533844865111478
803,54,0,146.96,9241.08,9,66,172.13,4,1,3,283,1,2,1,0,0.49063344836849
804,44,0,85.82,4980.87,9,72,204.73,1,2,3,256,1,0,0,1,0.5053993099922077
805,22,1,91.17,8456.53,18,58,139.89,6,3,1,59,1,1,1,1,0.5693187462480288
806,59,1,61.51,7958.14,18,76,32.02,7,1,4,290,0,2,1,1,0.5221990043542439
807,28,1,81.92,6680.32,6,58,17.95,9,0,4,168,1,1,0,1,0.5708450353596496
808,30,0,190.69,9784.47,17,11,143.49,2,1,2,340,1,2,1,1,0.5362003217905026
809,58,2,72.66,8041.66,4,9,471.18,6,1,5,340,1,0,0,1,0.5441469569906808
810,51,0,64.28,2820.96,19,15,168.88,3,0,3,5,1,0,1,1,0.5150285382311959
811,55,1,124.96,7911.24,4,94,445.4,3,1,5,204,0,2,1,1,0.5067685901472114
812,57,2,66.45,6957.35,17,96,67.88,9,0,3,102,0,0,0,1,0.5314958477791674
813,50,1,105.21,4055.25,1,27,340.59,6,1,2,86,1,0,0,1,0.5301006026051172
814,51,2,170.15,860.29,16,52,171.0,9,0,1,6,0,0,0,1,0.5085149627368251
815,44,0,61.47,2222.16,3,42,447.32,9,2,4,143,0,2,1,1,0.5266357773096626
816,53,1,96.8,7992.66,12,81,351.89,1,3,3,79,1,1,1,1,0.5100813639767469
817,43,0,129.89,2560.0,19,42,177.64,5,3,3,75,1,1,0,1,0.5061817374829405
818,68,0,118.21,9978.79,1,46,248.89,4,1,4,146,0,0,0,1,0.5573364142753926
819,42,0,195.45,6970.48,14,96,124.97,3,3,1,110,1,1,1,0,0.4909757222094331
820,36,2,142.47,4824.5,9,27,24.75,9,3,3,216,0,1,0,1,0.6048202926482185
821,38,0,153.19,5747.32,2,70,41.72,4,1,5,195,1,1,0,1,0.5419049585124277
822,48,0,194.05,6147.64,16,78,407.77,1,0,2,215,1,2,0,0,0.42916963377350376
823,46,2,94.6,9692.55,7,10,372.39,9,4,1,317,1,1,0,1,0.5655342977098375
824,26,0,83.97,1701.24,7,22,336.32,0,2,5,147,0,1,0,1,0.5782438627174519
825,36,0,27.9,2796.72,13,3,457.44,1,3,3,209,0,1,0,1,0.5580580753856855
826,43,0,53.16,7124.95,19,33,133.67,0,1,1,120,0,0,1,1,0.5613395084964556
827,42,2,62.69,2474.59,19,69,18.85,0,0,4,49,0,0,1,1,0.5612129830359567
828,57,2,53.03,8725.84,18,41,458.2,5,1,1,323,1,0,0,0,0.49044076241800877
829,60,1,155.86,3530.69,6,7,493.42,9,4,3,329,0,0,1,1,0.5287205945662147
830,46,0,116.46,1890.31,15,66,91.9,4,3,2,214,1,2,1,0,0.4785933730245052
831,42,2,140.17,571.45,3,54,334.31,5,4,5,100,1,0,1,1,0.5457369321905773
832,36,0,167.68,5996.39,2,53,59.61,2,0,4,298,1,0,1,1,0.5406608230728169
833,21,2,61.54,8270.29,7,63,37.1,0,2,1,80,0,2,0,1,0.6272774081689371
834,62,2,78.67,2810.55,19,64,187.7,6,3,2,180,1,2,1,0,0.47526984165095587
835,37,2,147.5,9183.64,10,77,59.29,4,0,2,117,0,2,0,1,0.5712385061598668
836,63,1,90.7,7601.57,6,59,64.48,4,1,5,87,1,1,0,1,0.5444648802904454
837,18,0,25.27,706.88,18,46,252.05,2,1,1,346,0,2,1,1,0.5148818082213491
838,28,2,98.29,5769.07,5,87,269.64,8,2,1,328,0,1,1,1,0.5491458471100198
839,21,0,183.49,5717.67,2,77,202.92,9,2,5,217,1,2,0,1,0.5396594463261338
840,24,2,93.62,2103.49,5,17,335.88,6,3,2,300,1,0,1,1,0.5661640167835243
841,45,0,79.8,3411.99,8,68,493.48,7,0,1,16,0,2,0,0,0.4838402404197781
842,53,0,198.11,4636.96,5,87,422.51,7,0,4,240,0,2,1,0,0.46133963905329134
843,24,2,135.99,575.97,16,25,384.44,6,2,3,332,1,2,0,1,0.506034439335468
844,37,0,85.88,1582.79,3,6,213.99,6,4,1,24,1,1,0,1,0.5650134708576835
845,52,1,38.36,1723.64,13,85,171.63,0,2,4,171,1,0,0,0,0.49803550110504724
846,68,1,161.81,3854.43,6,11,289.94,7,2,2,90,1,2,1,0,0.4984964412960405
847,68,0,147.45,7498.84,4,61,161.04,5,1,5,97,1,1,1,1,0.5108846062130721
848,56,0,185.94,8329.91,10,90,93.27,8,2,4,232,1,0,0,1,0.5004175765458584
849,38,2,59.11,1712.21,18,27,435.43,9,4,4,147,0,2,1,1,0.5549779462381236
850,61,2,40.69,7543.87,18,26,69.15,9,1,1,306,1,2,0,1,0.516582567367174
851,18,0,150.33,6740.03,12,95,492.33,8,1,5,301,1,1,1,0,0.4906778643731913
852,54,0,56.61,8917.81,3,26,137.1,0,4,5,204,0,1,1,1,0.6173122741288063
853,63,0,51.7,9691.03,12,70,371.25,8,4,4,44,1,2,1,1,0.5150465503977545
854,59,0,77.57,1332.16,12,28,39.94,7,1,4,291,1,0,0,1,0.5013416105821086
855,20,1,167.03,898.67,2,65,403.54,4,1,2,28,1,1,0,1,0.5179904231813305
856,51,0,117.12,8017.33,18,34,262.73,0,1,1,329,0,0,0,1,0.5205495824120968
857,30,2,28.25,1705.49,2,3,484.09,0,4,5,265,0,1,1,1,0.6140901540926227
858,33,1,103.5,2026.29,2,74,251.24,7,0,3,336,0,2,1,1,0.5171803714858637
859,51,0,143.12,8832.16,8,79,391.06,5,3,4,78,1,2,0,1,0.5065615632591509
860,41,2,116.91,9395.75,1,62,123.93,0,3,3,55,1,2,1,1,0.5965193133265817
861,30,1,123.04,3252.87,13,40,180.63,7,2,4,302,0,1,1,1,0.5628877696893131
862,23,0,60.46,8437.46,18,24,396.44,2,4,5,53,0,0,1,1,0.625731837481997
863,56,0,172.59,8602.68,8,53,437.66,2,1,1,126,1,0,0,0,0.48667711151063703
864,19,0,121.05,6093.37,13,70,62.14,0,0,3,233,1,1,0,1,0.5386671222994754
865,28,0,148.38,5704.28,7,35,348.69,6,2,2,187,1,1,1,1,0.5342960288511843
866,24,1,196.74,5800.8,3,96,490.41,6,2,5,212,0,0,1,1,0.548305286118251
867,24,2,97.08,3082.76,10,3,473.96,7,1,3,121,0,1,0,1,0.5877156400983777
868,56,0,178.59,6226.78,19,79,188.52,2,4,4,255,0,1,1,1,0.5090389307949089
869,56,1,21.31,2511.44,13,28,156.42,1,3,1,305,1,1,1,1,0.5114857030961644
870,29,1,26.01,1858.56,19,28,75.91,9,0,4,348,0,2,1,1,0.5528940222176368
871,68,2,126.25,4188.21,8,65,493.85,5,1,1,22,0,1,1,0,0.48979928257565963
872,39,1,76.06,7087.23,18,86,386.73,4,0,4,145,1,2,0,0,0.48748764240183795
873,68,1,64.69,6252.13,15,18,316.64,3,4,3,167,0,2,0,1,0.5470272190969246
874,68,2,70.03,9652.33,7,73,265.29,9,4,2,197,1,2,1,1,0.5226912133788926
875,69,1,77.31,6499.91,7,9,405.13,7,2,4,352,0,1,1,1,0.5376938196712311
876,20,1,151.21,1499.01,3,46,329.31,5,1,3,280,0,1,1,1,0.5548287522191233
877,30,2,122.46,1696.06,18,14,248.93,5,2,3,174,1,0,0,1,0.5522013629309571
878,47,1,162.03,1021.36,14,21,226.41,4,2,4,228,0,1,1,1,0.5361023806145205
879,27,2,169.44,1992.62,17,22,195.51,4,0,2,18,0,1,1,1,0.5698590615869661
880,69,0,171.73,6019.71,9,88,485.23,3,1,1,109,1,2,0,0,0.41582307829323906
881,26,0,94.64,8399.04,10,2,458.25,9,1,3,290,0,1,1,1,0.5819186514229215
882,23,0,95.83,8949.29,8,39,173.6,5,4,3,25,1,1,1,1,0.6126491446160293
883,61,0,186.73,4060.43,19,57,41.79,5,3,3,335,0,1,1,0,0.4982142529300422
884,19,1,139.12,5629.97,2,76,86.21,9,1,3,229,1,0,1,1,0.5694488423247678
885,61,0,34.48,8111.08,12,25,302.13,3,2,4,158,0,2,0,1,0.5564528449545207
886,33,2,117.59,3189.5,4,94,364.83,3,1,1,107,0,0,0,1,0.5380605487307744
887,30,2,84.08,5997.12,3,32,432.95,3,3,4,309,1,2,1,1,0.5685184125791364
888,65,2,197.74,1823.42,1,22,455.76,6,0,2,286,0,1,0,0,0.4920710591606498
889,30,2,22.46,4817.75,15,93,468.06,9,4,1,119,0,0,1,1,0.5523086852165344
890,39,0,130.19,1813.42,1,77,489.09,2,4,5,288,1,0,0,1,0.5016371998419079
891,36,2,150.25,4678.02,9,93,391.7,6,1,2,68,1,2,1,0,0.49381463970019684
892,43,0,72.0,4028.51,5,66,369.27,7,0,4,119,0,1,1,1,0.5290809691386047
893,31,2,195.26,4389.32,19,96,176.8,4,1,3,141,1,1,0,1,0.5014119701652842
894,48,2,174.72,2512.75,6,55,465.16,6,4,4,228,0,2,0,1,0.5296565494639618
895,46,0,184.82,1446.83,8,11,77.34,4,0,4,149,0,1,1,1,0.5520854375789012
896,62,0,23.46,2829.09,3,93,276.98,8,1,4,39,1,1,1,0,0.4829885808863745
897,59,1,122.58,2471.84,2,49,231.51,0,4,2,306,0,1,0,1,0.5357529657572281
898,39,1,73.04,7369.53,14,22,446.24,8,1,5,301,0,0,1,1,0.5716873490469861
899,24,1,172.83,7198.05,11,76,324.79,8,2,3,285,0,1,1,1,0.5530890411311616
900,54,2,133.91,5886.38,18,5,198.7,2,3,3,137,1,0,0,1,0.5642739827726557
901,66,2,117.0,1004.2,7,79,55.98,6,2,4,211,1,1,0,0,0.493586538243607
902,58,2,40.63,5705.99,1,54,151.46,3,0,4,139,0,0,0,1,0.5862945028473848
903,44,1,117.24,884.45,8,56,258.95,6,2,4,82,1,2,1,1,0.5104144207348235
904,48,1,133.74,279.91,6,43,203.65,2,4,4,234,0,0,0,1,0.5597839499733884
905,23,1,192.06,3590.7,11,96,475.03,4,4,2,345,1,2,1,0,0.475316946486613
906,33,2,125.31,2481.39,10,44,302.68,2,1,2,58,0,1,0,1,0.5652064068272407
907,55,0,194.13,5987.01,2,73,356.43,5,2,1,55,1,1,1,0,0.48596714684209796
908,55,1,193.09,9293.56,1,23,301.86,0,0,1,141,1,1,1,1,0.5357415949535221
909,67,0,137.04,7226.54,4,40,208.5,5,3,2,206,0,0,1,1,0.5496519308105898
910,49,2,111.06,7696.87,9,41,40.06,4,2,4,3,0,2,1,1,0.616972127503697
911,50,1,103.88,9513.84,13,35,25.18,8,0,3,92,0,0,0,1,0.5994801136361549
912,66,2,180.27,6377.5,4,36,330.33,5,2,2,29,0,1,1,1,0.5547738527536459
913,34,0,25.09,5819.54,3,53,350.47,9,2,2,277,0,2,0,1,0.5560897034887177
914,50,2,40.49,6058.49,18,96,98.15,1,1,1,193,0,1,1,1,0.5305996531757631
915,28,2,38.37,8671.47,2,60,320.45,7,4,5,41,1,2,1,1,0.6216037187892605
916,30,1,156.25,3942.18,9,37,15.3,0,3,3,233,0,1,0,1,0.602205562274239
917,47,0,81.14,7973.83,7,50,227.84,6,3,3,235,0,0,1,1,0.5790191557667579
918,18,1,134.83,6557.34,2,19,146.76,2,2,5,22,1,1,1,1,0.6384244632348595
919,47,2,128.68,3115.26,12,54,442.59,2,1,1,24,0,1,1,1,0.5239192061059578
920,44,2,89.45,235.52,17,14,160.98,6,2,3,82,0,2,0,1,0.5656473915338345
921,57,0,115.68,2178.21,14,55,201.49,0,2,1,158,1,2,0,0,0.46592367337759333
922,40,2,136.12,7029.89,14,64,88.4,2,0,1,227,0,1,0,1,0.5561241173005549
923,37,1,189.37,5838.93,15,58,74.03,5,1,4,156,1,1,0,1,0.5387663182966931
924,23,0,123.61,2818.49,17,48,177.47,9,0,5,167,0,1,0,1,0.5559942343590394
925,54,2,130.59,4399.59,4,12,377.38,1,2,5,247,1,1,1,1,0.5506331779046849
926,37,1,32.21,6645.37,14,86,43.31,8,3,4,10,1,1,0,1,0.5761103602274235
927,54,1,191.4,1358.15,7,65,39.16,0,2,1,315,0,1,1,1,0.5104067192377891
928,23,0,115.05,4379.57,19,42,407.43,6,3,1,254,0,0,1,1,0.5433870058623391
929,46,2,164.23,4224.58,2,18,266.86,9,0,3,291,0,2,0,1,0.5575090499989205
930,30,1,29.05,5471.75,9,18,431.29,6,2,5,251,1,2,0,1,0.566749288257899
931,44,0,95.76,5266.95,15,34,310.61,5,2,3,56,0,1,1,1,0.5576901343220695
932,67,1,66.26,3740.49,19,41,48.44,3,0,3,176,1,2,0,0,0.4885795337739784
933,37,2,68.06,7651.06,10,36,95.19,3,3,5,218,1,1,1,1,0.6109918347518872
934,30,1,162.46,765.57,8,35,226.62,6,0,3,150,0,2,0,1,0.5462124662255567
935,56,2,132.3,451.83,13,92,102.35,1,2,5,32,0,0,1,1,0.5395664344403129
936,25,1,99.15,4260.57,10,33,434.17,4,1,1,12,0,2,0,1,0.567232061171322
937,34,2,21.91,8977.27,17,25,490.55,6,2,1,142,0,2,0,1,0.5842633334369063
938,47,1,193.69,2847.94,2,10,313.28,2,0,2,181,0,1,1,1,0.5481284135622067
939,18,1,193.16,1805.86,18,92,327.92,6,2,3,16,1,2,0,0,0.49860175821949776
940,41,0,59.16,9289.26,2,46,445.68,2,3,3,21,1,0,1,1,0.5816824139753938
941,33,2,27.44,1765.41,19,27,342.15,2,3,5,361,0,2,1,1,0.5665813692555113
942,28,1,115.44,3810.92,16,14,198.88,3,2,3,145,0,2,1,1,0.5896421500388643
943,21,0,191.25,7317.25,15,37,127.52,2,1,2,39,0,2,0,1,0.5896332532956634
944,21,1,183.87,2683.15,8,43,210.58,1,0,4,47,1,0,1,1,0.5651514978967955
945,34,0,125.24,2375.51,7,25,483.74,0,0,4,84,1,0,0,1,0.5259016692048709
946,66,1,74.64,4036.91,18,49,49.33,7,1,1,70,0,0,1,1,0.5327923344741949
947,27,0,79.39,7894.91,9,52,60.44,1,0,2,275,1,0,1,1,0.5667954316557992
948,38,2,181.62,9118.74,16,93,334.59,4,4,1,91,1,1,0,1,0.5310802736341195
949,55,1,108.52,409.8,2,32,305.97,7,0,5,232,1,1,0,1,0.5042317888901825
950,66,2,43.6,1734.57,8,33,371.28,1,1,4,97,0,1,1,1,0.5415840231754626
951,35,2,64.72,9590.15,9,45,451.45,1,4,5,44,1,1,1,1,0.6103662251008566
952,27,0,69.82,5968.63,9,91,262.13,1,1,2,169,1,2,1,1,0.5164737874391536
953,62,2,42.24,5558.96,1,9,181.65,7,0,1,58,1,1,1,1,0.564912142089798
954,33,0,103.35,8154.08,10,18,264.97,4,0,1,75,1,2,0,1,0.5541725312079071
955,56,0,184.89,493.85,3,23,95.44,6,4,3,224,0,2,1,1,0.5464688260468041
956,32,0,140.38,236.98,1,30,451.17,5,3,2,327,1,1,0,1,0.5072108052550107
957,51,0,33.05,9678.19,11,1,344.33,8,1,2,295,0,0,0,1,0.580721723812957
958,22,0,20.99,8302.85,9,7,436.63,5,2,1,154,0,1,1,1,0.6133291377363197
959,34,1,69.72,7499.08,14,80,158.18,5,1,5,124,0,0,1,1,0.5933460133398538
960,54,1,85.28,1641.44,4,22,447.94,8,4,3,74,0,2,0,1,0.5564597218584109
961,25,2,159.81,4818.38,6,83,84.44,8,1,1,317,1,2,1,1,0.5305872507156257
962,41,1,194.06,9379.21,13,68,191.4,5,3,4,101,1,2,1,1,0.5537458242416748
963,45,0,89.76,9342.64,1,24,45.07,1,1,3,72,1,1,0,1,0.6047952582834605
964,64,0,143.6,191.55,4,59,309.44,2,1,3,148,0,1,1,0,0.4884356446909475
965,25,1,199.08,7549.66,12,12,128.77,0,1,1,262,0,0,1,1,0.6072860541453743
966,40,2,154.22,161.75,1,55,124.79,8,2,4,263,1,0,1,1,0.5472838446995267
967,52,2,134.51,9844.59,9,65,496.82,7,3,3,156,1,0,0,1,0.541347912682585
968,48,1,34.05,4227.98,15,25,127.59,8,4,5,241,0,1,1,1,0.599429707987965
969,34,0,78.18,9737.84,4,69,261.12,6,3,1,340,1,2,1,1,0.5429632891527368
970,45,0,184.41,3740.69,1,42,312.11,5,1,5,168,0,0,0,1,0.5602987311915779
971,65,2,56.18,3002.55,10,35,484.7,9,4,5,249,1,0,1,1,0.52266605764075
972,65,1,171.85,3231.29,7,67,472.46,4,3,1,333,0,2,0,0,0.46576061512968703
973,68,0,145.34,7333.72,4,9,211.51,9,3,5,224,1,0,1,1,0.558106306318408
974,29,2,85.94,2076.76,4,36,64.81,6,2,2,242,1,2,0,1,0.5747565261136494
975,41,2,115.25,8654.17,16,5,105.09,2,2,4,92,0,1,1,1,0.6415050292683702
976,32,1,117.71,5946.67,1,68,15.01,1,3,4,123,1,2,1,1,0.5964569559251217
977,57,2,148.53,9702.12,7,37,10.46,2,4,5,63,0,2,0,1,0.6407659853307478
978,48,0,112.98,9872.14,13,67,390.77,8,1,4,50,1,2,1,1,0.5186456054418482
979,44,2,43.95,1933.3,19,13,184.86,8,1,3,308,0,2,1,1,0.5553960196122228
980,52,2,159.22,9562.24,6,64,327.74,4,2,3,78,0,2,1,1,0.5760954953979034
981,35,2,93.13,560.73,2,90,286.0,6,1,4,270,1,0,1,1,0.5201420711486696
982,53,1,193.36,375.85,18,25,440.83,9,4,2,65,1,2,0,0,0.47923128714354674
983,25,0,71.03,9444.26,16,34,291.91,9,0,2,333,0,1,1,1,0.5724237024223242
984,63,2,67.35,9627.73,9,48,63.97,2,2,1,148,0,2,0,1,0.5882384093227035
985,66,1,80.03,1557.75,10,49,440.93,4,1,1,184,1,2,0,0,0.4485372639757489
986,55,2,123.02,4479.92,14,45,364.16,4,3,3,76,1,2,1,1,0.522239361366453
987,22,0,181.08,4991.52,17,57,160.7,5,0,4,317,0,2,1,1,0.5415536233060066
988,31,2,51.73,8616.78,10,10,380.14,5,4,5,202,1,0,0,1,0.6333114862400868
989,55,1,70.34,6316.38,5,48,202.66,5,4,1,92,1,1,1,1,0.559542643368488
990,37,2,124.7,7768.21,8,5,431.91,7,2,4,56,1,2,0,1,0.5936187363586203
991,61,2,101.78,4902.46,6,76,252.84,3,0,2,356,1,0,1,0,0.4890077582489153
992,26,2,100.52,6519.3,8,27,306.82,9,1,4,315,0,1,0,1,0.6085242953934966
993,50,1,167.73,7380.55,4,10,46.12,1,2,2,173,1,0,1,1,0.5933357610963534
994,35,2,186.3,7405.02,2,90,418.46,0,0,1,124,1,1,0,1,0.5197958411379823
995,23,2,106.64,117.2,10,74,250.92,7,4,3,16,1,0,1,1,0.5691362479406777
996,54,1,143.72,1089.09,2,29,77.75,0,3,2,88,1,0,0,1,0.55939241810395
997,19,1,164.19,3700.24,9,90,34.45,6,4,4,352,0,1,1,1,0.5882658183683239
998,47,0,113.31,705.85,17,69,187.37,7,3,1,172,1,2,0,0,0.469625049408286
999,23,1,72.98,3891.6,7,31,483.8,1,2,5,55,0,1,1,1,0.6106120805383553
1000,34,2,134.86,3956.71,15,48,420.91,6,0,1,269,1,0,1,1,0.5040718572798049
